,Listing ID,Location,Lat_Long,Monthly Rental Price,Bedrooms,Bathrooms,Square Footage
0,3021099,211 North End Avenue #12A,"['40.71628546,-74.01546103']",4600,1.0,1.0,860.0
1,3020988,150 East 39th Street #601,"['40.74890137,-73.97660065']",2650,0.0,1.0,0.0
2,3026635,257 West 136th Street #4AA,"['40.81700815,-73.94508554']",2195,2.0,1.0,0.0
3,3026633,272 West 139th Street #3A,"['40.81876179,-73.9446072']",2650,2.0,1.0,0.0
4,3026626,408 West 34th Street #6E,"['40.75329123,-73.9971017']",1975,0.0,1.0,0.0
5,3026621,47 West 88th Street #4A,"['40.78749503,-73.96993322']",2350,1.0,1.0,0.0
6,3026616,2147 Second Avenue #5A,"['40.79360168,-73.94066629']",2565,2.0,1.0,0.0
7,3026611,516 East 78th Street #4A,"['40.77019882,-73.9496994']",2200,0.0,1.0,0.0
8,3026608,2 Clinton Street #6C,"['40.72117927,-73.98382714']",4300,3.0,1.0,0.0
9,3026607,279 East 44th Street #7H,"['40.75152284,-73.97138232']",2700,0.0,1.0,550.0
10,3026603,463 West 43rd Street #S2,"['40.76026828,-73.99459987']",3895,3.0,1.0,0.0
11,3026600,463 West 43rd Street #W5,"['40.76026828,-73.99459987']",3795,3.0,1.0,0.0
12,3026588,58 West 58th Street #18E,"['40.76449966,-73.97619629']",5999,2.0,1.0,1.0
13,3022514,315 West 33rd Street #30A,"['40.75226186,-73.99461495']",6203,2.0,2.0,964.0
14,3021660,666 West End Avenue #8GH,"['40.79270172,-73.97450256']",10495,3.0,2.0,0.0
15,3026583,128 East 62nd Street #4A,"['40.76415587,-73.96752511']",2800,1.0,1.0,0.0
16,3026579,188 Columbus Avenue #3RN,"['40.77519989,-73.98079681']",3799,1.0,1.0,0.0
17,3026576,22 Saint Nicholas' Place #23A,"['40.82772184,-73.94165484']",2195,2.0,1.0,0.0
18,3026572,135 West 75th Street #4R,"['40.78019051,-73.97874686']",3075,1.0,1.0,0.0
19,3026570,409 West 50th Street #3B,"['40.76395686,-73.98948432']",2000,1.0,1.0,0.0
20,3026543,101 West 104th Street #7A,"['40.79821147,-73.96389311']",3400,2.0,1.0,0.0
21,3026542,66 West 106th Street #3C,"['40.79875172,-73.96244809']",2400,1.0,1.0,0.0
22,3026539,160 East 64th Street #3F,"['40.76505837,-73.96571246']",2150,0.0,1.0,0.0
23,3026531,160 East 64th Street #4R,"['40.76505837,-73.96571246']",2132,0.0,1.0,0.0
24,3026529,20 Exchange Place #1322,"['40.70546076,-74.0095687']",2595,0.0,1.0,500.0
25,3026528,245 West 51st Street #1001,"['40.76282276,-73.984835']",2695,0.0,1.0,0.0
26,2991714,50 East 28th Street #6M,"['40.74369812,-73.98509979']",4390,1.0,1.0,598.0
27,3020218,435 West 31st Street #39C,"['40.75230026,-73.99839783']",5363,2.0,2.0,1.0
28,3026524,200 Waverly Place #11,"['40.73485202,-74.00171396']",5195,3.0,1.0,700.0
29,3026519,510 Amsterdam Avenue #3A,"['40.78690359,-73.97599301']",3600,2.0,1.0,0.0
30,3026512,154 West 70th Street #3R,"['40.77667226,-73.98166174']",7300,3.0,2.0,0.0
31,3026508,7 West 21st Street #506,"['40.74089813,-73.9910965']",3951,0.0,1.0,0.0
32,3026506,608 West 148th Street #24,"['40.82839261,-73.94973745']",3250,3.0,1.0,740.0
33,3026485,265 East 66th Street #5F,"['40.76580048,-73.96160126']",5700,1.0,1.0,1.0
34,3026483,1571 Lexington Avenue #31,"['40.78869239,-73.94852876']",2595,2.0,1.0,0.0
35,3026482,111 First Avenue #3A,"['40.72694905,-73.98611315']",2700,2.0,1.0,0.0
36,3026474,59 West 73rd Street #2B,"['40.778124,-73.977647']",3750,2.0,2.0,0.0
37,3026460,20 Avenue C #1B,"['40.72117055,-73.98069935']",4695,3.0,1.0,0.0
38,3026456,344 East 61st Street #4,"['40.76088775,-73.96142622']",2195,1.0,1.0,0.0
39,3019716,333 East 5th Street #A2,"['40.72636181,-73.98739407']",3250,1.0,1.0,0.0
40,2979032,200 E 87th Street #14L,"['40.77909851,-73.95330048']",2954,0.0,1.0,0.0
41,3026452,1225 Park Avenue #16C,"['40.78588623,-73.95249231']",6000,2.0,2.0,0.0
42,3026449,344 West 49th Street #5F,"['40.76238681,-73.9888745']",4495,2.0,2.0,0.0
43,3026442,525 West End Avenue #8H,"['40.78855094,-73.97859252']",7050,2.0,2.0,0.0
44,3026431,43 Jane Street #5FE,"['40.7383213,-74.00472356']",4295,2.0,1.0,650.0
45,3026425,163 West 71st Street #2FR,"['40.7777838,-73.9812101']",2560,0.0,1.0,0.0
46,3026419,751 E 6th Street #5P,"['40.72270989,-73.97718736']",2654,0.0,1.0,0.0
47,3026414,453 Fdr #C1303,"['40.71289825,-73.97889709']",3300,1.0,1.0,0.0
48,3026413,43 West 68th Street #4AA,"['40.77450076,-73.97924692']",3150,2.0,1.0,0.0
49,3026411,53 Pitt Street #1BA,"['40.71765765,-73.98318587']",6500,4.0,2.0,1.0
50,3026410,530 East 13th Street #22,"['40.72892155,-73.97954615']",3100,2.0,1.0,0.0
51,3026402,354 East 66th Street #4F,"['40.7639803,-73.9591935']",5600,4.0,2.0,0.0
52,2991254,260 W 54th Street #11C,"['40.7643013,-73.98410034']",3712,1.0,1.0,0.0
53,3015958,336 West 95th Street #C,"['40.79510117,-73.97540283']",3046,1.0,1.0,588.0
54,3026401,220 Park Avenue South #B3,"['40.73714337,-73.98894367']",3795,0.0,1.0,0.0
55,3026399,427 Fort Washington Avenue #5F,"['40.84958217,-73.93917414']",2395,2.0,1.0,0.0
56,3026398,60 West 23rd Street #2003,"['40.74229813,-73.99250031']",6495,2.0,2.0,0.0
57,3026393,1457 Third Avenue #5N,"['40.77629852,-73.95549774']",5200,4.0,2.0,0.0
58,3026389,42 West 58th Street #506,"['40.76431433,-73.97566543']",3500,1.0,1.0,818.0
59,3026388,780 Greenwich Street #5E,"['40.73669815,-74.00679779']",5795,1.0,1.0,0.0
60,3026387,137A Christopher Street #2B,"['40.73315555,-74.00715515']",2600,0.0,1.0,350.0
61,3026382,42 West 58th Street #501,"['40.76431433,-73.97566543']",3300,1.0,1.0,842.0
62,3026381,118 East 93rd Street #10,"['40.78409151,-73.95329885']",6000,4.0,3.0,0.0
63,3026380,191 Avenue A #2,"['40.72909927,-73.98169708']",5400,3.0,2.0,0.0
64,3026377,322 East 61st Street #2B,"['40.76119995,-73.96240234']",2599,1.0,1.0,0.0
65,3023274,445 W 35th Street #4E,"['40.75519943,-73.99720001']",2969,0.0,1.0,0.0
66,3013363,444 West 19th Street #202,"['40.74459839,-74.00509644']",7000,1.0,1.0,850.0
67,3026375,424 West 53rd Street #6,"['40.76572168,-73.98901835']",5200,3.0,2.0,932.0
68,3026373,40 Broad Street #PH2A,"['40.70600128,-74.01180267']",4800,1.0,1.0,920.0
69,3026370,328 East 48th Street #3A,"['40.75289165,-73.96827051']",2000,1.0,1.0,0.0
70,3026369,167 East 90th Street #2C,"['40.7818985,-73.95269775']",3699,2.0,1.0,0.0
71,3024289,155 W 68th Street #706,"['40.77610016,-73.98280334']",3999,2.0,1.0,0.0
72,3026365,164 East 85th Street 5--EAST,"['40.77827075,-73.95538269']",2900,2.0,1.0,0.0
73,3026362,2294 Frederick Douglass Boulevard #4A,"['40.80895533,-73.95165223']",1800,0.0,1.0,0.0
74,3026360,101 Charles Street #2RW,"['40.73474486,-74.00549549']",2800,1.0,1.0,0.0
75,3026359,2294 Fred Douglas Boulevard #3C,"['40.80895533,-73.95165223']",2500,2.0,1.0,850.0
76,3026339,305 West 18th Street #5B,"['40.74269867,-74.00119781']",3800,1.0,1.0,562.0
77,3026357,310 East 44th Street #1703,"['40.75049973,-73.97049713']",3725,1.0,1.0,0.0
78,2951882,260 W 52nd Street #8F,"['40.76319885,-73.98490143']",4015,1.0,1.0,776.0
79,3020368,260 West 54th Street #34B,"['40.7643013,-73.98410034']",3895,1.0,1.0,778.0
80,3026328,330 East 15th Street #10,"['40.7323284,-73.98336258']",2200,1.0,1.0,400.0
81,3026324,303 West 66th Street #1GE,"['40.77659988,-73.98760223']",4800,2.0,1.0,0.0
82,3026320,140 West 19th Street #5A,"['40.7410112,-73.99653207']",2700,0.0,1.0,0.0
83,3026318,203 East 33rd Street #16A,"['40.74506864,-73.97801463']",3000,2.0,1.0,0.0
84,3026317,203 East 33rd Street #3A,"['40.74506864,-73.97801463']",4600,3.0,2.0,0.0
85,3026316,140 West 19th Street #4B,"['40.7410112,-73.99653207']",2745,0.0,1.0,0.0
86,3026315,415 East 37th Street #16N,"['40.74569021,-73.97122965']",3500,1.0,1.0,866.0
87,3026314,138 Bowery #8G,"['40.71920013,-73.99490356']",3200,1.0,1.0,0.0
88,3026307,730 Riverside Drive #4A,"['40.8303659,-73.94936377']",3900,3.0,1.0,0.0
89,3026304,776 Sixth Avenue #12N,"['40.74480057,-73.99089813']",2995,0.0,1.0,431.0
90,3026298,121 West 120th Street #4R,"['40.80527345,-73.94886271']",2495,1.0,1.0,550.0
91,2959149,21 West End Avenue #2704,"['40.772765,-73.990313']",5160,1.0,1.0,0.0
92,2971056,377 East 33rd Street #10A,"['40.74349976,-73.97419739']",3483,1.0,1.0,531.0
93,3026293,185 Christopher Street #2,"['40.73268601,-74.00973137']",6300,3.0,1.0,0.0
94,3026289,888 Main Street #225,"['40.76229858,-73.94950104']",4048,2.0,2.0,915.0
95,3026281,28 West 73rd Street #4BB,"['40.77748121,-73.97743706']",3675,2.0,1.0,0.0
96,3026278,67 West 73rd Street #1B,"['40.77820317,-73.97794953']",2690,1.0,1.0,0.0
97,3026277,319 West 106th Street #3B,"['40.80231369,-73.96944613']",2470,1.0,1.0,0.0
98,3026274,232 W 14th Street #4A,"['40.73899841,-74.00150299']",6295,3.0,1.0,0.0
99,3026273,250 Mott Street #15,"['40.72340012,-73.99449921']",4250,1.0,1.0,0.0
100,3026272,939 2nd Avenue #3,"['40.75479889,-73.96880341']",7495,4.0,2.0,0.0
101,3026270,219 E 23rd Street #5,"['40.73860168,-73.98190308']",3395,1.0,1.0,0.0
102,3026271,202 E 13th Street #3F,"['40.7322998,-73.98750305']",5995,2.0,2.0,0.0
103,3026269,410 E 13th Street #1A,"['40.73020172,-73.98259735']",4495,0.0,1.0,0.0
104,3012473,101 W End Avenue #12Z,"['40.77510071,-73.98840332']",3867,1.0,1.0,608.0
105,3019987,350 W 43rd Street #45F,"['40.75850869,-73.99128999']",4111,1.0,1.0,0.0
106,3026268,330 E 35th Street #34,"['40.74459839,-73.97399902']",3695,2.0,1.0,0.0
107,3026267,209 E 25th Street #5E,"['40.74010086,-73.98149872']",3695,1.0,1.0,0.0
108,3026265,309 W 97th Street #4N,"['40.79639816,-73.97319794']",4395,3.0,2.0,0.0
109,3026266,209 E 25th Street #2E,"['40.74010086,-73.98149872']",3495,1.0,1.0,0.0
110,3026264,202 E 13th Street #3E,"['40.7322998,-73.98750305']",5795,3.0,2.0,0.0
111,3026263,219 E 23rd Street #7-8,"['40.73860168,-73.98190308']",7495,4.0,2.0,0.0
112,3026261,10 Gay Street #2A,"['40.73350143,-74.00050354']",3495,1.0,1.0,500.0
113,3026257,15 West 139th Street #A12,"['40.81629944,-73.936203']",2300,1.0,1.0,0.0
114,3026256,376 Eighth Avenue #1,"['40.74881175,-73.9955969']",4895,3.0,1.0,1.0
115,3026251,200 Waverly Place #21,"['40.73485202,-74.00171396']",5895,3.0,1.0,750.0
116,3026244,135 West Tenth Street #16,"['40.7347889,-74.00066754']",4025,2.0,1.0,0.0
117,3017860,138 East 12th Street #3F,"['40.73189926,-73.98860168']",4450,0.0,1.0,0.0
118,2791655,666 West End Avenue 14DEG-F,"['40.79270172,-73.97450256']",15166,4.0,4.0,0.0
119,3026243,217 East Broadway #3,"['40.7140598,-73.98737836']",6995,4.0,2.0,0.0
120,3026238,541 West 49th Street #10,"['40.76509077,-73.99411935']",1895,1.0,1.0,0.0
121,3026236,113 W 130th Street #4,"['40.81149069,-73.9439052']",2200,0.0,1.0,0.0
122,3026234,124 Mott Street #21,"['40.71822425,-73.99661622']",2410,1.0,1.0,0.0
123,3026233,30 Park Avenue #15M,"['40.74829865,-73.98100281']",6275,2.0,2.0,0.0
124,3025820,245 West 51st Street #812A,"['40.76282276,-73.984835']",2795,1.0,1.0,0.0
125,3025819,245 West 51st Street #811A,"['40.76282276,-73.984835']",3495,2.0,1.0,0.0
126,3025816,130 West 74th Street #2A,"['40.77901583,-73.97911192']",2795,1.0,1.0,0.0
127,3025815,245 West 51st Street #608A,"['40.76282276,-73.984835']",4900,3.0,1.0,0.0
128,3025812,180 Riverside Boulevard #16O,"['40.77840042,-73.98789978']",3880,1.0,1.0,594.0
129,3025811,615 1/2 Hudson Street #4,"['40.73789581,-74.00594681']",4902,2.0,1.0,0.0
130,3023350,171 Suffolk Street #6J,"['40.7214896,-73.98512941']",3120,0.0,1.0,0.0
131,2999845,100 West 31st Street #39B,"['40.7478981,-73.98960114']",6365,2.0,1.0,858.0
132,3025810,215 West 108th Street #14,"['40.80236203,-73.9656499']",3300,3.0,1.0,1.0
133,3025807,447 West 22nd Street #4R,"['40.74664619,-74.00315786']",3150,1.0,1.0,0.0
134,3025803,207 East 15th Street #2A,"['40.73392345,-73.98595293']",2200,0.0,1.0,0.0
135,3025800,377 East 33rd Street #8J,"['40.74349976,-73.97419739']",3873,1.0,1.0,658.0
136,3025799,129 East 4th Street #1BE,"['40.7255878,-73.98744112']",2250,1.0,1.0,0.0
137,3025798,20 West Street #29E,"['40.70619965,-74.01560211']",2500,0.0,1.0,615.0
138,3025797,421 East 9th Street #B3,"['40.72791488,-73.98368479']",2650,1.0,1.0,0.0
139,3025794,11 Dongan Place #5J,"['40.86317943,-73.92953777']",1699,2.0,1.0,700.0
140,3025792,405 East 54th Street #12B,"['40.75630188,-73.96360016']",3950,1.0,1.0,911.0
141,3025791,88 Leonard Street #PHA2,"['40.71689987,-74.00469971']",14764,3.0,3.0,0.0
142,3025788,8 Spruce Street #50N,"['40.71060181,-74.00530243']",4366,1.0,1.0,0.0
143,2885105,20 Park Avenue #5G,"['40.74810028,-73.98110199']",2979,0.0,1.0,0.0
144,3021094,150 E 44th Street #22B,"['40.7521019,-73.97419739']",4038,1.0,1.0,712.0
145,3025787,8 Spruce Street #67J,"['40.71060181,-74.00530243']",8677,2.0,2.0,0.0
146,3025779,446 East 76th Street #1A,"['40.76946986,-73.9522477']",2065,1.0,1.0,0.0
147,3025777,99 East 3rd Street #3F,"['40.72480011,-73.98760223']",3500,2.0,1.0,0.0
148,3025774,232 Elizabeth #2D,"['40.72299957,-73.9937973']",4995,2.0,1.0,0.0
149,3025773,75 West End Avenue #S6F,"['40.77429962,-73.98930359']",3050,1.0,1.0,0.0
150,3025769,515 East 12th Street #1B,"['40.7289464,-73.98040124']",1925,0.0,1.0,0.0
151,3025767,492 Ninth Avenue #2B,"['40.75547045,-73.9943873']",3750,3.0,1.0,0.0
152,3025762,267 East 10th Street #12,"['40.72850037,-73.98310089']",2850,1.0,1.0,0.0
153,3025759,70 Charlton Street #18C,"['40.72669983,-74.00659943']",14500,3.0,3.0,1.0
154,3025757,492 Ninth Avenue #2D,"['40.75547045,-73.9943873']",2495,0.0,1.0,0.0
155,3025753,401 East 34th Street #N23B,"['40.74380112,-73.97250366']",5077,2.0,2.0,1.0
156,3010642,550 W 45th Street #404,"['40.76190186,-73.99590302']",2896,0.0,1.0,0.0
157,2978874,252 South Street #63J,"['40.71020126,-73.98930359']",15625,3.0,3.0,2.0
158,3025751,6 East 36th Street #5,"['40.74925524,-73.98309128']",4300,3.0,1.0,0.0
159,3025748,607 East 11th Street #2,"['40.72740173,-73.97879791']",2800,1.0,1.0,0.0
160,3025738,271 West 47th Street #31J,"['40.76050921,-73.98699776']",3112,0.0,1.0,0.0
161,3025735,271 West 47th Street #38F,"['40.76050921,-73.98699776']",5312,2.0,2.0,0.0
162,3025731,2 Charles Street #1,"['40.73517591,-74.00053404']",3000,0.0,1.0,0.0
163,3025728,271 West 47th Street #38E,"['40.76050921,-73.98699776']",3094,0.0,1.0,0.0
164,3025724,101 East 10th Street #9C,"['40.73077551,-73.98865247']",3275,0.0,1.0,0.0
165,3025717,100 Christopher Street #4E,"['40.73313372,-74.00482422']",3450,1.0,1.0,0.0
166,3025716,102 Christopher Street #6G,"['40.73313372,-74.00482422']",2800,0.0,1.0,0.0
167,3025715,33 Rector Street #3L,"['40.7083065,-74.01495421']",3215,2.0,1.0,0.0
168,3025714,142 East 33rd Street #1G,"['40.74533523,-73.97987674']",2895,2.0,1.0,0.0
169,2977482,400 West 63rd Street #1402,"['40.77460098,-73.98989868']",3735,1.0,1.0,589.0
170,3020428,33 West End Avenue #3G,"['40.77330017,-73.98989868']",3095,1.0,1.0,0.0
171,3025711,124 East 24th Street #1E,"['40.74035157,-73.98521903']",3050,0.0,1.0,680.0
172,3025708,685 First Avenue #25P,"['40.7474,-73.9714']",8173,3.0,2.0,1.0
173,3025706,111 West 130th Street #2R,"['40.81146596,-73.94384381']",2550,1.0,1.0,525.0
174,3025704,580 Amsterdam Avenue #3D,"['40.78926091,-73.97413596']",2199,1.0,1.0,0.0
175,3025703,685 First Avenue #17P,"['40.7474,-73.9714']",6853,2.0,2.0,1.0
176,3025702,145 Mulberry Street #PHA,"['40.71899281,-73.99774172']",5200,3.0,2.0,0.0
177,3025701,685 First Avenue #16F,"['40.7474,-73.9714']",4654,1.0,1.0,862.0
178,3025697,150 West 51st Street #1031,"['40.76129913,-73.98269653']",3450,1.0,1.0,550.0
179,3025696,685 First Avenue #10R,"['40.7474,-73.9714']",4123,0.0,1.0,671.0
180,3025690,625 West 57th Street #623,"['40.77109909,-73.99269867']",3950,1.0,1.0,0.0
181,3025689,601 West 57th Street #20D,"['40.77080154,-73.9917984']",2900,0.0,1.0,0.0
182,3018656,220 West 24th Street #2B,"['40.74499893,-73.99629974']",2980,0.0,1.0,411.0
183,2997290,125 Delancey Street #1009,"['40.7179,-73.9881']",7477,1.0,2.0,0.0
184,3025688,435 West 31st Street #PH3K,"['40.75230026,-73.99839783']",11083,3.0,2.0,1.0
185,3025687,780 Greenwich Street #4M,"['40.73669815,-74.00679779']",5222,1.0,1.0,0.0
186,3025683,250 West 93rd Street #6H,"['40.79270172,-73.97380066']",4195,1.0,1.0,0.0
187,3025682,250 West 93rd Street #17D,"['40.79270172,-73.97380066']",3771,1.0,1.0,0.0
188,3025679,145 Mulberry Street #PHE,"['40.71899281,-73.99774172']",7000,4.0,3.0,0.0
189,3025676,135 West 10th Street #16,"['40.7347889,-74.00066754']",4025,2.0,1.0,0.0
190,3025670,145 Mulberry Street #2D,"['40.71899281,-73.99774172']",5800,3.0,2.0,0.0
191,3025667,14 West 90th Street #1B,"['40.78803536,-73.96849932']",3600,1.0,1.0,0.0
192,3025663,285 Lafayette Street #6E,"['40.72399902,-73.9957962']",23950,3.0,2.0,2.0
193,3025651,314 West 89th Street #2,"['40.79100037,-73.97740173']",2850,1.0,1.0,0.0
194,3025648,777 6th Avenue #14C,"['40.74509811,-73.99160004']",6403,2.0,2.0,1.0
195,3018697,136 William Street #6B,"['40.70924051,-74.00643841']",5500,4.0,2.0,0.0
196,3015051,601 West 57th Street #18L,"['40.77080154,-73.9917984']",3200,0.0,1.0,0.0
197,3012409,10-40 River Road #12C,"['40.76480103,-73.94709778']",5723,3.0,2.0,1.0
198,3025630,305 West 50th Street #21B,"['40.76259995,-73.98619843']",6566,2.0,2.0,1.0
199,3025629,600 Washington Street #715,"['40.73059845,-74.00930023']",7732,2.0,2.0,1.0
200,3025626,307 East 44th Street #505,"['40.75090027,-73.97039795']",2325,0.0,1.0,0.0
201,3025618,230 East 27th Street #13,"['40.74055664,-73.98000449']",4200,3.0,1.0,0.0
202,3025608,444 East 75th Street #4G,"['40.76869965,-73.95279694']",2800,0.0,1.0,0.0
203,3025606,307 East 44th Street #421,"['40.75090027,-73.97039795']",2590,0.0,1.0,0.0
204,3025605,30 West 18th Street #9F,"['40.73899841,-73.99359894']",5250,2.0,2.0,0.0
205,3025603,316 East 3rd Street #PHC,"['40.72069265,-73.97892457']",4495,2.0,1.0,900.0
206,3025599,68 East 1st Street #3A,"['40.72371601,-73.9888088']",3000,1.0,1.0,0.0
207,3025595,307 East 18th Street #5AC,"['40.73480678,-73.98248153']",2600,1.0,1.0,0.0
208,3025594,888 Main Street #910,"['40.76229858,-73.94950104']",2807,0.0,1.0,500.0
209,3017191,21 West End Avenue #2411,"['40.772765,-73.990313']",3266,0.0,1.0,0.0
210,3021661,666 West End Avenue #12Q,"['40.79270172,-73.97450256']",2910,0.0,1.0,0.0
211,3025593,310 East 44th Street #1602,"['40.75049973,-73.97049713']",4190,1.0,1.0,0.0
212,3025591,340 East 13th Street #2,"['40.73081614,-73.98404489']",2450,1.0,1.0,0.0
213,3025590,550 Riverside Drive #4F,"['40.81606468,-73.96018759']",4154,3.0,2.0,1.0
214,3025588,246 East 51st Street #9,"['40.7555432,-73.96873847']",3150,1.0,1.0,0.0
215,3025587,106 Fulton Street #5D,"['40.70960004,-74.00705163']",2350,0.0,1.0,400.0
216,3025584,1080 Amsterdam Avenue #1406,"['40.80519867,-73.96269989']",3695,0.0,1.0,0.0
217,3025576,1214 5th Avenue #PHE,"['40.79140091,-73.95240021']",11000,2.0,2.0,0.0
218,3025575,52 Barrow Street #2C,"['40.73210144,-74.00479889']",4095,1.0,1.0,0.0
219,3025573,511 East 6th Street #3F,"['40.72534571,-73.98311178']",3300,2.0,1.0,0.0
220,3025565,244 East 7th Street #18B,"['40.72359848,-73.97820282']",4542,3.0,1.0,0.0
221,3025558,3440 Broadway #6C,"['40.8232885,-73.95223798']",3100,3.0,1.0,1.0
222,2964582,505 W. 54th Street #917,"['40.76750183,-73.99019623']",2849,0.0,1.0,418.0
223,2951585,70 Battery Place #607,"['40.70722719,-74.01757146']",3950,1.0,1.0,686.0
224,3025556,156 Mott Street #4,"['40.71942094,-73.99607143']",6495,2.0,2.0,1.0
225,3025555,936 West End Avenue #E5,"['40.80131432,-73.96834134']",1800,0.0,1.0,200.0
226,3025548,455 Main Street #3R,"['40.7594986,-73.95220184']",2495,0.0,1.0,529.0
227,3025543,259 West 55th Street #4A,"['40.76540538,-73.98351677']",2400,2.0,1.0,0.0
228,3025540,40 River Road #5G,"['40.76480103,-73.94709778']",2650,1.0,1.0,650.0
229,3025539,115 E 96th Street #5,"['40.78646776,-73.95162161']",3200,2.0,1.0,900.0
230,3025536,165 Charles Street #3,"['40.73410034,-74.00969696']",5500,0.0,1.0,682.0
231,3025534,80 Riverside Boulevard #5F,"['40.77508,-73.9924917']",2900,0.0,1.0,466.0
232,3025530,325 East 34th Street #E1,"['40.74456841,-73.97464412']",3100,2.0,2.0,950.0
233,3025529,445 Fifth Avenue #27DI,"['40.75159836,-73.98179626']",3250,1.0,1.0,620.0
234,3025527,103 Saint Marks Place #A,"['40.72736326,-73.98421529']",7500,4.0,1.0,0.0
235,3011234,250 West 93rd Street #PHE,"['40.79270172,-73.97380066']",3500,0.0,1.0,539.0
236,2967397,10 Sheridan Square #11F,"['40.73331769,-74.0022299']",4790,1.0,1.0,800.0
237,3025495,340 East 23rd Street #PH3D,"['40.73695542,-73.97944626']",11995,3.0,3.0,1.0
238,3025494,141 East 26th Street #6-5,"['40.74129868,-73.98269653']",2595,1.0,1.0,0.0
239,3025491,323 Bleecker Street #12,"['40.73329926,-74.0039978']",2795,2.0,1.0,0.0
240,3025485,315 West 21st Street #52,"['40.74459839,-74.00019836']",2925,0.0,1.0,0.0
241,3025481,234 West 13th Street #69,"['40.73849869,-74.0019989']",3000,0.0,1.0,0.0
242,3025477,234 West 13th Street #44,"['40.73849869,-74.0019989']",3500,1.0,1.0,0.0
243,3025476,23 West 84th Street #2,"['40.78472873,-73.97149444']",2650,1.0,1.0,0.0
244,3025475,260 Audobon Avenue #8M,"['40.84680375,-73.93282255']",2295,1.0,1.0,0.0
245,3025474,260 Audobon Avenue #18R,"['40.84680375,-73.93282255']",3195,3.0,2.0,0.0
246,3025471,101 Charles Street #3FVV,"['40.73474486,-74.00549549']",3200,0.0,1.0,0.0
247,3025468,551 West 149th Street #20,"['40.82876215,-73.94750768']",2500,2.0,1.0,0.0
248,3023180,23 West 56th Street #3R,"['40.76305999,-73.9757056']",4850,3.0,1.0,1.0
249,3023663,1 Dutch Street #12B1,"['40.70930099,-74.00779724']",5885,2.0,2.0,996.0
250,3025466,210 West 82nd Street #1R,"['40.78521593,-73.97777388']",2700,1.0,1.0,0.0
251,3025462,2-26 East 26th Street #3A,"['40.74224577,-73.98797929']",4950,3.0,1.0,0.0
252,3025461,215 E 96th Street #8M,"['40.78499985,-73.9484024']",3350,0.0,1.0,0.0
253,3025460,215 E 96th Street #16E,"['40.78499985,-73.9484024']",6475,2.0,2.0,0.0
254,3025454,65 Bank Street #1,"['40.73694345,-74.0044817']",4200,1.0,1.0,0.0
255,3025453,35 Bedford Street #30,"['40.7294942,-74.00400854']",3588,1.0,1.0,0.0
256,3025451,626 1st Avenue #W42G,"['40.74440002,-73.97200012']",7833,2.0,2.0,0.0
257,3025449,750 Columbus Avenue #8J,"['40.79339981,-73.96779633']",5738,2.0,2.0,1.0
258,3025448,730 Columbus Avenue #15A,"['40.79259872,-73.96820068']",3516,1.0,1.0,650.0
259,3025447,777 6th Avenue #20F,"['40.74509811,-73.99160004']",4356,1.0,1.0,620.0
260,3025446,500 West 23rd Street #4E,"['40.74760056,-74.00469971']",4921,1.0,1.0,642.0
261,3013136,100 West 31st Street #25D,"['40.7478981,-73.98960114']",3475,0.0,1.0,0.0
262,3020665,100 West 31st Street #14I,"['40.7478981,-73.98960114']",4400,1.0,1.0,0.0
263,3025405,72 Bedford Street #6C,"['40.73149872,-74.00469971']",3665,1.0,1.0,0.0
264,3025404,21 West 86th Street #6F,"['40.7859993,-73.97029877']",6750,2.0,2.0,1.0
265,3025403,70 Battery Place #306,"['40.70722719,-74.01757146']",3380,1.0,1.0,669.0
266,3025402,111 First Avenue #3,"['40.72694905,-73.98611315']",2650,1.0,1.0,0.0
267,3025399,145 West 10th Street #6D,"['40.73472577,-74.00105724']",7995,4.0,2.0,0.0
268,3025398,304 East 20th Street #2A,"['40.73559952,-73.98190308']",3250,1.0,1.0,0.0
269,3025395,317 West 29th Street #3B,"['40.7496654,-73.99662184']",1895,0.0,1.0,0.0
270,3025388,507 West 28th Street #505,"['40.75130081,-74.00240326']",4226,1.0,1.0,0.0
271,3025384,70 Pine Street #727,"['40.70650101,-74.00769806']",5040,1.0,2.0,0.0
272,3025383,70 Pine Street #1519,"['40.70650101,-74.00769806']",9750,3.0,3.0,0.0
273,3025381,507 West 28th Street #16C,"['40.75130081,-74.00240326']",4395,1.0,1.0,0.0
274,2955206,200 E 82nd Street #23F,"['40.77590179,-73.95570374']",4033,1.0,1.0,567.0
275,3018655,220 West 24th Street #4Q,"['40.74499893,-73.99629974']",3115,0.0,1.0,375.0
276,3025378,43 West 16th Street #2H,"['40.73854636,-73.99499857']",3645,1.0,1.0,0.0
277,3025377,32 Beekman Place #5,"['40.75379635,-73.96461379']",4275,3.0,1.0,0.0
278,3025374,134 East 36th Street #1,"['40.74758577,-73.97904959']",19500,5.0,4.0,4.0
279,3025372,407 West 51st Street #4D,"['40.7645332,-73.98890663']",2000,0.0,1.0,0.0
280,3025371,319 East 5th Street #1,"['40.72659518,-73.98794604']",1995,0.0,1.0,325.0
281,3025369,333 East 34th Street #17,"['40.74440002,-73.97419739']",3150,2.0,1.0,0.0
282,3025368,336 East 90th Street #1C,"['40.77946169,-73.94816399']",1695,0.0,1.0,0.0
283,3025366,201 East 82nd Street #2E,"['40.77629458,-73.95549594']",3200,2.0,1.0,0.0
284,3025364,507 West 28th Street #12D,"['40.75130081,-74.00240326']",3935,1.0,1.0,0.0
285,3025361,328 East 6th Street #4AD,"['40.72663628,-73.98730021']",2200,0.0,1.0,500.0
286,3025358,131 Sullivan Street #2D,"['40.72658481,-74.00207093']",3000,1.0,1.0,0.0
287,3002858,301 East 79th #7L,"['40.77330017,-73.95420074']",3785,1.0,1.0,570.0
288,3020185,212 West 91st Street #1118,"['40.79109955,-73.97380066']",2643,0.0,1.0,400.0
289,3025354,416 East 73rd Street #1C,"['40.76785691,-73.95461349']",2695,2.0,1.0,0.0
290,3025353,401 East 34th Street #N21M,"['40.74380112,-73.97250366']",3262,1.0,1.0,680.0
291,3025352,255 W 94th Street #11F,"['40.79370117,-73.97299957']",6495,2.0,2.0,0.0
292,3025351,401 East 34th Street #S15N,"['40.74380112,-73.97250366']",2987,1.0,1.0,567.0
293,3025350,200 E 82nd Street #27GH,"['40.77590179,-73.95570374']",10500,3.0,3.0,1.0
294,3025349,200 E 82nd Street #2B,"['40.77590179,-73.95570374']",4492,1.0,1.0,775.0
295,3025348,66 West 38th Street #26B,"['40.7519989,-73.98570251']",3925,1.0,1.0,0.0
296,3025347,256 Seaman Avenue #3C,"['40.87218277,-73.91817103']",2290,2.0,1.0,0.0
297,3025346,441 East 12th Street #1A,"['40.72933359,-73.9815088']",3600,2.0,1.0,0.0
298,3025344,312 East 30th Street #4A,"['40.74169922,-73.97699738']",5000,3.0,1.0,700.0
299,3025338,507 West 28th Street #8J,"['40.75130081,-74.00240326']",2635,0.0,1.0,0.0
300,3023342,21 West End Avenue #2602,"['40.772765,-73.990313']",6620,2.0,2.0,0.0
301,2963972,222 East 44th Street #40C,"['40.75130081,-73.97290039']",4250,0.0,1.0,0.0
302,3025336,65 Saint Mark's Place #11,"['40.72817869,-73.98607321']",2875,2.0,1.0,600.0
303,3025331,5 Tudor City Place #438,"['40.7478981,-73.97090149']",3295,1.0,1.0,0.0
304,3025329,303 East 43rd Street #14A,"['40.75049973,-73.97129822']",6895,3.0,2.0,1.0
305,3025326,211 East 34th Street #4F,"['40.7457053,-73.97734316']",2300,1.0,1.0,0.0
306,3025322,14 Morton Street #2,"['40.73110813,-74.00367308']",2050,1.0,1.0,0.0
307,3025318,145 Fourth Avenue #8P,"['40.73385521,-73.98955402']",4000,1.0,1.0,509.0
308,3025314,567 West 125th Street #1A,"['40.81553956,-73.95773848']",2200,2.0,1.0,0.0
309,3025308,145 Fourth Avenue #11D,"['40.73385521,-73.98955402']",4100,1.0,1.0,540.0
310,3025304,308 West 107th Street #3R,"['40.80240686,-73.968879']",2250,1.0,1.0,0.0
311,3025297,401 East 34th Street #N23F,"['40.74380112,-73.97250366']",3506,1.0,1.0,675.0
312,3025296,488 7th Avenue #5B,"['40.75258267,-73.98983261']",3690,1.0,1.0,550.0
313,3017187,39 E 29th Street #8A,"['40.74440002,-73.98410034']",6950,2.0,2.0,1.0
314,2937619,535 W 43rd Street NORTH-10H,"['40.76139832,-73.99659729']",5485,2.0,2.0,0.0
315,3025294,508 East 78th Street #3L,"['40.77009964,-73.95010376']",2400,1.0,1.0,0.0
316,3025291,173 Ludlow Street #1A,"['40.72184398,-73.98771601']",2250,0.0,1.0,0.0
317,3025287,202 West 108th Street #6,"['40.80176632,-73.96530707']",3390,3.0,2.0,1.0
318,3024560,300 East 51st Street #9A,"['40.75519943,-73.96790314']",2700,0.0,1.0,0.0
319,3023852,20 Renwick Street #12,"['40.7248718,-74.00831237']",3195,1.0,1.0,460.0
320,3025278,145 Fourth Avenue #15C,"['40.73385521,-73.98955402']",5000,1.0,1.0,700.0
321,3025275,161 West 16th Street #14H,"['40.74000168,-73.99819946']",4900,1.0,1.0,800.0
322,3025272,3333 Broadway #E12E,"['40.81980133,-73.95680237']",2735,2.0,1.0,0.0
323,3025269,183 Sullivan Street #B3,"['40.72833049,-74.00051955']",2400,2.0,1.0,0.0
324,3025267,121 East 12th Street #2C,"['40.73256787,-73.98899134']",2250,0.0,1.0,0.0
325,3025266,57 Leroy Street #8R,"['40.73022,-74.00523']",8000,5.0,3.0,0.0
326,3022796,171 Suffolk Street #2B,"['40.7214896,-73.98512941']",3120,0.0,1.0,0.0
327,3019584,24 Fifth Avenue #720,"['40.73320007,-73.99629974']",3395,0.0,1.0,0.0
328,3025222,777 6th Avenue #30G,"['40.74509811,-73.99160004']",4462,1.0,1.0,651.0
329,3025212,53 Nassau Street #2R,"['40.70902624,-74.00912556']",3000,1.0,1.0,0.0
330,3025176,25 Clinton Street #304A,"['40.72058101,-73.98453797']",1990,1.0,1.0,300.0
331,3025208,243 West 109th Street #3R,"['40.80333377,-73.96602144']",2999,3.0,1.0,0.0
332,3025206,250 West 85th Street #2J,"['40.78760147,-73.9776001']",2900,1.0,1.0,0.0
333,3025203,52 East Seventh Street #15,"['40.72751463,-73.98758868']",2750,1.0,1.0,0.0
334,3025199,530 West 147th Street #E4,"['40.82703341,-73.94845936']",2975,3.0,1.0,700.0
335,3025197,224 West 16th Street #13,"['40.74022077,-74.00011908']",2875,1.0,1.0,0.0
336,3025166,142 West 86th Street #5A,"['40.78689215,-73.97389493']",2695,1.0,1.0,850.0
337,3025162,350 West 37th Street #22F,"['40.75479889,-73.99440002']",4526,2.0,2.0,0.0
338,3025146,21 South William Street #7C,"['40.7043655,-74.01063612']",3200,1.0,1.0,0.0
339,2920985,444 Manhattan Avenue #5D,"['40.80649948,-73.95549774']",3795,2.0,2.0,0.0
340,3009071,88 Leonard Street #203,"['40.71689987,-74.00469971']",6646,2.0,2.0,0.0
341,3025144,515 West 38th Street #15G,"['40.75770187,-73.9980011']",3682,1.0,1.0,691.0
342,3025139,90 William Street #7A,"['40.70800018,-74.00749969']",5500,2.0,2.0,0.0
343,3025138,72 Thompson Street #4D,"['40.72430038,-74.00279999']",3295,1.0,1.0,0.0
344,3025128,116 East 83rd Street #2C,"['40.77765961,-73.95787445']",2395,1.0,1.0,690.0
345,3025120,316 East 49th Street #6B,"['40.75366839,-73.96819434']",2378,2.0,1.0,0.0
346,3025114,59 Thompson Street #12,"['40.72420782,-74.00349953']",4600,2.0,1.0,0.0
347,3025112,146 Mulberry Street #5,"['40.71887477,-73.99725111']",4500,2.0,1.0,0.0
348,3025111,885 Sixth Avenue #15E,"['40.74844903,-73.9893027']",4495,1.0,1.0,0.0
349,3025107,146 Mulberry Street #16,"['40.71887477,-73.99725111']",4800,1.0,1.0,0.0
350,3025105,135 East 50th Street #7L,"['40.75646346,-73.97170506']",2933,1.0,1.0,0.0
351,3025096,43 East First Street #9,"['40.72372985,-73.99003543']",1800,0.0,1.0,0.0
352,2981997,200 West 60th Street #4B,"['40.77090073,-73.9878006']",2895,0.0,1.0,0.0
353,3015279,229 Chrystie Street #1008,"['40.7234993,-73.99160004']",4038,0.0,1.0,0.0
354,3025095,160 Mott Street #3E,"['40.71954446,-73.99599206']",1780,0.0,1.0,250.0
355,3025094,200 E 11th Street #1004,"['40.73099899,-73.98840332']",5500,1.0,1.0,762.0
356,3025093,135 East 50th Street #9H,"['40.75646346,-73.97170506']",3029,2.0,1.0,0.0
357,3025091,626 1st Avenue #W34L,"['40.74440002,-73.97200012']",4825,1.0,1.0,0.0
358,3025090,400 West 113th Street #1220,"['40.80400085,-73.96040344']",3872,1.0,1.0,0.0
359,3025088,212 West 91st Street #237,"['40.79109955,-73.97380066']",2481,0.0,1.0,400.0
360,3025087,212 West 91st Street #801,"['40.79109955,-73.97380066']",2461,0.0,1.0,400.0
361,3025077,1510 Lexington Avenue #12T,"['40.78703272,-73.95055591']",3450,0.0,1.0,580.0
362,3025076,1 Irving Place #V11E,"['40.73450089,-73.98919678']",3895,1.0,1.0,661.0
363,3025073,7 Rivington Street #14,"['40.72121861,-73.99287499']",4500,2.0,1.0,0.0
364,3025070,106 Fulton Street #4E,"['40.70960004,-74.00705163']",2350,0.0,1.0,400.0
365,2961823,30 Park Avenue #15N,"['40.74829865,-73.98100281']",3290,1.0,1.0,695.0
366,3024045,301 East 21st Street #3K,"['40.73669815,-73.98130035']",3300,1.0,1.0,558.0
367,3025053,421 East 12th Street #5,"['40.72977014,-73.98235657']",3600,2.0,1.0,0.0
368,3025047,1510 Lexington Avenue #4V,"['40.78703272,-73.95055591']",5000,2.0,1.0,780.0
369,3021883,2593 Frederick Douglas Boulevard #17,"['40.81870723,-73.94529369']",1850,2.0,1.0,500.0
370,3025045,280 West 115th Street #2,"['40.8033659,-73.95556092']",5500,4.0,2.0,0.0
371,3025043,20 Exchange Place #1302,"['40.70546076,-74.0095687']",2750,0.0,1.0,0.0
372,3025042,330 East 39th Street #9R,"['40.74720001,-73.97250366']",3041,1.0,1.0,0.0
373,3025040,125 Riverside Drive #4C,"['40.78873795,-73.98070143']",7850,3.0,3.0,0.0
374,3025039,42 Avenue A #3C,"['40.72368263,-73.98489081']",4200,2.0,1.0,0.0
375,3023189,222 E 5th Street #1,"['40.72711965,-73.99031274']",3450,1.0,1.0,740.0
376,3025036,19 Dutch Street #30H,"['40.70981411,-74.00737989']",4333,1.0,1.0,0.0
377,3025034,626 1st Avenue #W35K,"['40.74440002,-73.97200012']",3281,0.0,1.0,0.0
378,3023044,505 W 37th Street #3908,"['40.75705978,-73.99816635']",2837,0.0,1.0,0.0
379,3003694,303 E 83rd Street #17H,"['40.77600098,-73.95269775']",3577,1.0,1.0,602.0
380,3025033,626 1st Avenue #W10B,"['40.74440002,-73.97200012']",4229,1.0,1.0,0.0
381,3025032,1500 Lexington Avenue #19C,"['40.78636314,-73.95088502']",4100,1.0,1.0,724.0
382,3025031,212 West 91st Street #229,"['40.79109955,-73.97380066']",2299,0.0,1.0,400.0
383,3025030,412 West 22nd Street #3R,"['40.7458992,-74.00240326']",4850,1.0,2.0,0.0
384,3025028,125 Riverside Drive #2WX,"['40.78873795,-73.98070143']",8400,3.0,2.0,0.0
385,3025027,1 Morton Square #2BW,"['40.73089981,-74.00980377']",10000,2.0,2.0,1.0
386,3025020,201 East 2nd Street #3D,"['40.72200012,-73.98370361']",3500,2.0,1.0,0.0
387,3025019,1500 Lexington Avenue #12A,"['40.78636314,-73.95088502']",2850,0.0,1.0,456.0
388,3025018,1667 First Avenue #3W,"['40.77756829,-73.94921977']",1900,0.0,1.0,0.0
389,3025011,22 Avenue C #3B,"['40.72121721,-73.98066687']",3095,2.0,1.0,0.0
390,3025005,2 Cooper Square #8A,"['40.72740173,-73.9917984']",6000,1.0,1.0,0.0
391,3010772,7 West 21st Street #12A,"['40.74089813,-73.9910965']",4948,0.0,1.0,0.0
392,3023339,445 W 35th Street #2J,"['40.75519943,-73.99720001']",3959,1.0,1.0,0.0
393,3025004,267 West 15th Street #4RN,"['40.74060059,-74.00150299']",3850,2.0,1.0,0.0
394,3025003,2350 Broadway #636,"['40.78779297,-73.97641159']",2975,1.0,1.0,0.0
395,3024999,125 Riverside Drive #1D,"['40.78873795,-73.98070143']",4550,2.0,1.0,0.0
396,3024997,733 West 183rd Street #1H,"['40.85214454,-73.9369596']",2700,2.0,1.0,0.0
397,3024987,125 Riverside Drive #1E,"['40.78873795,-73.98070143']",4071,2.0,2.0,0.0
398,3024983,230 East 44th Street #5J,"['40.75120163,-73.9720993']",3800,2.0,1.0,0.0
399,3024972,1500 Lexington Avenue #18Q,"['40.78636314,-73.95088502']",2900,0.0,1.0,451.0
400,3024970,100 Jane Street #2N,"['40.7378006,-74.00849915']",3318,0.0,1.0,389.0
401,3024969,100 Jane Street #2C,"['40.7378006,-74.00849915']",6162,1.0,1.0,1.0
402,3024968,795 Columbus Avenue #6J,"['40.79430008,-73.96600342']",3536,1.0,1.0,636.0
403,3024962,330 West 58th Street #8P,"['40.76750183,-73.98370361']",4400,1.0,1.0,0.0
404,3010735,160 West 24th Street #7K,"['40.74440002,-73.99490356']",3669,1.0,1.0,0.0
405,2987209,55 West 25th Street #30A,"['40.74430084,-73.99120331']",3950,0.0,1.0,0.0
406,3024958,303 E 83rd Street #29C,"['40.77600098,-73.95269775']",3726,1.0,1.0,620.0
407,3024925,189 West 89th Street #10N,"['40.78960037,-73.97319794']",4047,1.0,1.0,652.0
408,3024909,888 Main Street #247,"['40.76229858,-73.94950104']",6519,3.0,2.0,1.0
409,3024907,888 Main Street #1238,"['40.76229858,-73.94950104']",6644,3.0,2.0,1.0
410,3024906,888 Main Street #525,"['40.76229858,-73.94950104']",4218,2.0,2.0,915.0
411,3024902,888 Main Street #825,"['40.76229858,-73.94950104']",4238,2.0,2.0,915.0
412,3024901,888 Main Street #1243,"['40.76229858,-73.94950104']",4323,2.0,2.0,871.0
413,3024900,888 Main Street #626,"['40.76229858,-73.94950104']",3504,1.0,1.0,631.0
414,3024898,888 Main Street #1132,"['40.76229858,-73.94950104']",3484,1.0,1.0,618.0
415,3024897,888 Main Street #PH20,"['40.76229858,-73.94950104']",3556,1.0,1.0,595.0
416,3024893,888 Main Street #1229,"['40.76229858,-73.94950104']",2825,0.0,1.0,500.0
417,3013125,150 E 44th Street #45E,"['40.7521019,-73.97419739']",4153,1.0,1.0,0.0
418,2906416,101 W End Avenue #18G,"['40.77510071,-73.98840332']",5240,2.0,1.0,896.0
419,3024782,261 Broome Street #7B,"['40.71800158,-73.99048722']",2850,1.0,1.0,0.0
420,3024781,973 Columbus Avenue #3C,"['40.8002501,-73.96172848']",2925,3.0,1.0,0.0
421,3024773,261 Broome Street #3B,"['40.71800158,-73.99048722']",2500,1.0,1.0,0.0
422,3024765,730 Columbus Avenue #4P,"['40.79259872,-73.96820068']",3553,1.0,1.0,650.0
423,3024763,240 East 27th Street #23G,"['40.74020004,-73.979599']",5539,2.0,1.0,1.0
424,3024764,50 East 28th Street #3F,"['40.74369812,-73.98509979']",3950,0.0,1.0,431.0
425,3024762,228 West 71st Street #9C,"['40.77830124,-73.9835968']",3431,1.0,1.0,600.0
426,3024759,235 West 56th Street #38L,"['40.76599884,-73.98249817']",4175,1.0,1.0,0.0
427,3024755,94 Orchard Street #3D,"['40.71837481,-73.98984143']",2100,0.0,1.0,0.0
428,3024753,25 West 68th Street #1G,"['40.77435248,-73.97889675']",5100,2.0,2.0,0.0
429,3024734,210 West 109th Street #43,"['40.80251561,-73.96523083']",3300,3.0,1.0,0.0
430,3019268,185 East Third Street #6B,"['40.72320762,-73.98366791']",3000,1.0,1.0,0.0
431,3008282,100 John Street #1808,"['40.707901,-74.00650024']",3092,1.0,1.0,0.0
432,3024733,115 East 92nd Street #1G,"['40.78381709,-73.95342904']",2775,0.0,1.0,401.0
433,3024731,247 West 87th Street #19B,"['40.7891157,-73.97533857']",10250,4.0,3.0,1.0
434,3024729,712 West 180th Street #32,"['40.84958413,-73.93769217']",4000,5.0,1.0,0.0
435,3024726,521 West 180th Street #4B,"['40.84798357,-73.93212376']",2750,3.0,2.0,0.0
436,3024725,521 West 180th Street #3,"['40.84798357,-73.93212376']",2200,2.0,1.0,0.0
437,3024721,91 Fort Washington Avenue #41,"['40.83812559,-73.94426943']",2995,3.0,1.0,1.0
438,3024706,93 Leonard Street #9,"['40.7171318,-74.00430721']",15800,5.0,3.0,4.0
439,3024702,80 Varick Street #7F,"['40.723409,-74.00587337']",7200,3.0,1.0,1.0
440,3024674,725 East Ninth Street #6B,"['40.72495482,-73.97664309']",4200,3.0,1.0,0.0
441,3024662,224 East 12th Street #3C,"['40.73125293,-73.98707563']",6000,3.0,2.0,0.0
442,3024642,504 West 136th Street #D4,"['40.81963263,-73.95246822']",3400,2.0,12.0,0.0
443,3003385,252 South Street #73C,"['40.71020126,-73.98930359']",10125,3.0,3.0,1.0
444,3009720,808 Columbus Avenue #26E,"['40.79529953,-73.96620178']",8543,3.0,3.0,1.0
445,3024626,320 East 109th Street #9,"['40.79193812,-73.94016217']",2000,2.0,1.0,0.0
446,3024621,226 East 29th Street #4F,"['40.7419014,-73.97930145']",2450,1.0,1.0,0.0
447,3024610,217 East 27th Street #16,"['40.74115778,-73.98027135']",4750,3.0,1.0,0.0
448,3024605,154 West 76th Street #6,"['40.78054459,-73.97880452']",2725,1.0,1.0,0.0
449,3024603,92 Morningside Avenue #7F,"['40.80949464,-73.95497523']",6250,5.0,2.0,1.0
450,3024602,334 East 65th Street #23,"['40.7635994,-73.96050262']",2850,2.0,1.0,0.0
451,3024600,204 East 25th Street #5B,"['40.73970032,-73.98179626']",2550,1.0,1.0,0.0
452,3024592,337 East 115th Street #1B,"['40.79581719,-73.9364712']",2999,2.0,1.0,0.0
453,3024584,209 West 20th Street #2A,"['40.74266083,-73.99753161']",3475,1.0,1.0,0.0
454,3024583,325 West 42nd Street #2W,"['40.75799942,-73.99089813']",2500,2.0,1.0,0.0
455,3024582,36 West 73rd Street #4,"['40.77759104,-73.97769338']",3240,1.0,1.0,680.0
456,3004100,435 West 31st Street #54J,"['40.75230026,-73.99839783']",3845,0.0,1.0,505.0
457,2924360,350 West 43rd Street #6J,"['40.75850869,-73.99128999']",5353,2.0,2.0,0.0
458,3024573,520 West 163rd Street #E10,"['40.83679962,-73.94049835']",1650,1.0,1.0,0.0
459,3024566,48 Clinton Street #2S,"['40.71967523,-73.98448407']",5533,3.0,2.0,0.0
460,3024565,246 West 108th Street #2W,"['40.80239808,-73.96691047']",5200,4.0,2.0,0.0
461,3024559,196 Elizabeth Street #14,"['40.72177038,-73.99425305']",7000,3.0,2.0,0.0
462,3024558,317 West 105th Street #1C,"['40.80153978,-73.96984019']",3050,1.0,1.0,0.0
463,3024556,141 Attorney Street #3S,"['40.71989198,-73.98389599']",7564,4.0,2.0,0.0
464,3024555,67 East 2nd Street #37A,"['40.72416071,-73.98924888']",2999,1.0,1.0,0.0
465,3024550,509 East 81st Street #GFW,"['40.77259827,-73.94869995']",1995,0.0,1.0,0.0
466,3024549,647 West 207th Street #1C,"['40.86896842,-73.92167129']",1695,1.0,1.0,750.0
467,3024548,67 East 2nd Street #44A,"['40.72416071,-73.98924888']",2750,1.0,1.0,0.0
468,3024546,123 Washington Street #33E,"['40.70909882,-74.01370239']",4150,1.0,1.0,704.0
469,3013887,625 West 57th Street #2807,"['40.77109909,-73.99269867']",9700,3.0,3.0,0.0
470,3012470,311 West 50th Street #2F,"['40.76290131,-73.98690033']",3656,1.0,1.0,0.0
471,3024545,200 West 24th Street #7A,"['40.74475501,-73.99553582']",6500,2.0,2.0,1.0
472,3024537,156 Eighth Avenue #3F,"['40.74192251,-74.00053409']",3500,1.0,1.0,0.0
473,3024521,89 East Fourth Street #10,"['40.72639497,-73.98962734']",5295,3.0,1.0,0.0
474,3022813,151 East 29th ,"['40.74301058,-73.98083016']",9500,4.0,2.0,0.0
475,3024508,101 W End Avenue #9H,"['40.77510071,-73.98840332']",3640,1.0,1.0,672.0
476,3024507,316 East 82nd Street #2FW,"['40.77470016,-73.95290375']",2395,1.0,1.0,0.0
477,3024506,72 Thompson Street #4C,"['40.72430038,-74.00279999']",3478,1.0,1.0,0.0
478,3024505,72 Thompson Street #5E,"['40.72430038,-74.00279999']",4537,1.0,1.0,0.0
479,3024500,300 E. 39th Street #28C,"['40.74739838,-73.97299957']",4716,1.0,1.0,722.0
480,3024499,500 West 23rd Street #5D,"['40.74760056,-74.00469971']",6794,2.0,2.0,977.0
481,3024472,407 West 50th Street #1,"['40.76392391,-73.98940129']",1967,1.0,1.0,0.0
482,2961296,222 East 44th Street #RESB,"['40.75130081,-73.97290039']",9050,1.0,1.0,0.0
483,2944939,170 Amsterdam Avenue #2C,"['40.77619934,-73.98269653']",3476,0.0,1.0,539.0
484,3022610,330 East 43rd Street #305,"['40.74981269,-73.97070093']",5100,3.0,2.0,1.0
485,3024458,14 West 103rd Street #11B,"['40.79632815,-73.96255059']",2796,2.0,1.0,900.0
486,3024452,330 East 38th Street #12O,"['40.74629974,-73.97270203']",3000,0.0,1.0,0.0
487,3024440,15 Cliff Street #7F,"['40.70830154,-74.00550079']",3085,0.0,1.0,428.0
488,3024438,101 W End Avenue #24C,"['40.77510071,-73.98840332']",5365,2.0,2.0,923.0
489,3024435,300 East 3rd Street #1A,"['40.72100067,-73.97949982']",2100,0.0,1.0,0.0
490,3024423,647 Ninth Avenue #PH,"['40.76066607,-73.99136912']",5600,3.0,2.0,0.0
491,3024421,226 East 87th Street #2C,"['40.77890015,-73.95259857']",3162,0.0,1.0,0.0
492,3023633,405 E 54th Street #4J,"['40.75630188,-73.96360016']",3500,1.0,1.0,900.0
493,3024411,14 West 103rd Street #55A,"['40.79632815,-73.96255059']",3663,3.0,1.0,0.0
494,3024406,240 East 86th Street #8K,"['40.77799988,-73.95259857']",3500,0.0,1.0,0.0
495,3014565,40 Waterside Plaza #D632,"['40.73849869,-73.97290039']",5000,3.0,1.0,1.0
496,3007147,400 East 84th Street #11D,"['40.77519989,-73.95020294']",4590,1.0,1.0,700.0
497,2989060,350 West 43rd Street #32D,"['40.75850869,-73.99128999']",4295,1.0,1.0,0.0
498,3024327,179 Mulberry Street #4,"['40.72090149,-73.99690247']",3400,2.0,1.0,0.0
499,3024326,272 West 115th Street #3D,"['40.80323403,-73.95525037']",1970,1.0,1.0,0.0
500,3024324,510 East Sixth Street #2B,"['40.72496422,-73.98333917']",5000,2.0,2.0,0.0
501,3024312,242 West 53rd Street #58F,"['40.7635994,-73.98400116']",5195,1.0,1.0,654.0
502,3024311,14 Morton Street #5,"['40.73110813,-74.00367308']",2550,1.0,1.0,0.0
503,3024303,2166 Frederic Douglas Boulevard #5E,"['40.80479284,-73.95474362']",1695,0.0,1.0,0.0
504,3024300,149 East 39th Street #704,"['40.74930345,-73.97630251']",3400,1.0,1.0,0.0
505,3024299,735 West 172nd Street #B25,"['40.84549681,-73.94210188']",2475,2.0,1.0,0.0
506,3024298,450 West 42nd Street TWENTY9J,"['40.75910187,-73.99490356']",3900,0.0,1.0,0.0
507,3024295,200 East 16th Street #9K,"['40.73429871,-73.98609924']",3950,0.0,1.0,0.0
508,3024284,1 Morningside Drive #1415,"['40.80250168,-73.96160126']",5640,2.0,2.0,1.0
509,3008036,372 West 11th Street ,"['40.73517826,-74.00956575']",30000,4.0,5.0,4.0
510,3019243,70 W 37th Street #909,"['40.75130081,-73.98629761']",4888,1.0,1.0,0.0
511,3024283,27 West 96th Street #5C,"['40.79243989,-73.96582837']",6295,3.0,2.0,1.0
512,3024217,10 West End Avenue #24A,"['40.77170181,-73.98999786']",7300,2.0,2.0,1.0
513,3024280,1 Morningside Drive #1604,"['40.80250168,-73.96160126']",3470,1.0,1.0,746.0
514,3024279,456 Washington Street #3D,"['40.72449875,-74.01049805']",16957,3.0,3.0,0.0
515,3024271,223 Mott Street #4,"['40.72240067,-73.99549866']",3166,1.0,1.0,0.0
516,3024270,152 Second Avenue #4A,"['40.72930145,-73.98670197']",5083,3.0,2.0,0.0
517,3024269,152 Second Avenue #3C,"['40.72930145,-73.98670197']",4208,2.0,1.0,0.0
518,3024268,199 West 10th Street #5C,"['40.73429871,-74.00379944']",4833,2.0,1.0,0.0
519,3024267,239 Elizabeth Street #4,"['40.72320175,-73.99410248']",4500,2.0,1.0,0.0
520,3024266,223 Mott Street #18,"['40.72240067,-73.99549866']",4041,2.0,1.0,0.0
521,3024265,152 Second Avenue #2F,"['40.72930145,-73.98670197']",5625,3.0,2.0,0.0
522,3019167,211 West 56th Street #23B,"['40.76549911,-73.98149872']",2795,0.0,1.0,0.0
523,3008805,252 E 61st Street #S6G,"['40.76169968,-73.96399689']",2929,0.0,1.0,0.0
524,3024264,11 East 7th Street #5W,"['40.72880173,-73.98989868']",4666,2.0,1.0,0.0
525,3024263,555 Tenth Avenue #48L,"['40.75889969,-73.99610138']",4757,1.0,1.0,0.0
526,3024262,555 Tenth Avenue #33A,"['40.75889969,-73.99610138']",5837,2.0,2.0,0.0
527,3024261,555 Tenth Avenue #44A,"['40.75889969,-73.99610138']",6102,2.0,2.0,0.0
528,3024260,555 Tenth Avenue #16D,"['40.75889969,-73.99610138']",4243,1.0,1.0,0.0
529,3024257,235 East 81st Street #6FW,"['40.77519989,-73.95469666']",2195,1.0,1.0,0.0
530,3024254,402 East 78th Street #17,"['40.77130127,-73.95290375']",2495,1.0,1.0,0.0
531,3024248,25 Central Park West #22O,"['40.770401,-73.98090363']",12000,2.0,2.0,1.0
532,3024247,254 Park Avenue South #3R,"['40.73860168,-73.98799896']",4800,1.0,1.0,788.0
533,3023703,227 East 69 #5C,"['40.76734026,-73.96032863']",2700,1.0,1.0,0.0
534,3024238,317 West 71st Street #1B,"['40.77964262,-73.9856111']",2995,2.0,1.0,0.0
535,3022155,210 East 39th Street #1802,"['40.74844142,-73.97541859']",6900,2.0,2.0,0.0
536,3013721,340 E 34th Street #6M,"['40.74384099,-73.97438095']",3296,1.0,1.0,0.0
537,3024196,230 Central Park South #14E,"['40.76720047,-73.98069763']",2995,0.0,1.0,0.0
538,3024193,222 East 111st Street #2D,"['40.79410159,-73.94138093']",2395,1.0,1.0,0.0
539,3023154,42 Allen Street #6A,"['40.7164381,-73.9915933']",3900,1.0,2.0,0.0
540,3024192,307 West 76th Street #3B,"['40.78280694,-73.98297804']",2660,1.0,1.0,0.0
541,3024190,10 E 29th Street #20A,"['40.74459839,-73.98619843']",3833,1.0,1.0,0.0
542,3023147,90 Bedford Street #2A,"['40.7322938,-74.00524993']",6000,1.0,1.0,700.0
543,3024189,520 West 43rd Street #8Q,"['40.76060104,-73.99620056']",4945,2.0,2.0,0.0
544,3024188,520 West 43rd Street #25D,"['40.76060104,-73.99620056']",2955,0.0,1.0,0.0
545,3024186,208 West 23rd Street #806,"['40.74409866,-73.99649811']",3795,1.0,1.0,0.0
546,3024184,301 East 21st Street #16B,"['40.73669815,-73.98130035']",6775,2.0,1.0,961.0
547,3024179,425 Riverside Drive #4H,"['40.80783793,-73.96622865']",4980,3.0,2.0,1.0
548,2993002,240 Central Park South #17M,"['40.76730988,-73.98117695']",3831,0.0,1.0,500.0
549,2981136,377 East 33rd Street #10B,"['40.74349976,-73.97419739']",3460,1.0,1.0,497.0
550,3024178,215 West 95th Street #15E,"['40.79399872,-73.97170258']",3200,1.0,1.0,637.0
551,3024177,344 East 49th Street #7A,"['40.75331134,-73.96734271']",3400,1.0,2.0,0.0
552,3024176,351 West 71st Street #1A,"['40.77997209,-73.98639818']",2250,0.0,1.0,0.0
553,3024175,250 West 50th Street #18L,"['40.76160049,-73.98619843']",3858,1.0,1.0,683.0
554,3024169,42 West 33rd Street #11G,"['40.74840164,-73.98709869']",3501,0.0,1.0,0.0
555,3024162,244 West 16th Street #5RE,"['40.7405014,-74.00080109']",2350,1.0,1.0,0.0
556,3024158,231 West 15th Street #3C,"['40.74000119,-74.00038612']",2745,1.0,1.0,0.0
557,3024156,156 West 15th Street #1C,"['40.73880721,-73.99874062']",3495,1.0,1.0,0.0
558,3024150,43 Avenue C #6A,"['40.7221559,-73.98061609']",3350,2.0,1.0,0.0
559,3024145,311 West 50th Street #5N,"['40.76290131,-73.98690033']",2838,0.0,1.0,0.0
560,3024142,611 East 11th Street #6,"['40.72737609,-73.97866268']",2885,2.0,1.0,0.0
561,3017760,435 West 31st Street #41D,"['40.75230026,-73.99839783']",3117,0.0,1.0,499.0
562,1695604,350 West 42nd Street #7L,"['40.75790024,-73.99230194']",5500,3.0,2.0,1.0
563,2999114,666 West End Avenue #20M,"['40.79270172,-73.97450256']",2995,0.0,1.0,0.0
564,3024061,120 West 21st Street #411,"['40.7419014,-73.99490356']",4406,1.0,1.0,633.0
565,3024060,120 West 21st Street #309,"['40.7419014,-73.99490356']",4248,1.0,1.0,590.0
566,3024058,572 11th Avenue #8R,"['40.76160049,-73.99739838']",4500,1.0,1.0,0.0
567,3024057,572 11th Avenue #5C,"['40.76160049,-73.99739838']",3000,0.0,1.0,0.0
568,3024056,572 11th Avenue #7F,"['40.76160049,-73.99739838']",5142,1.0,1.0,0.0
569,3024055,550 West 54th Street #2130,"['40.7677002,-73.99210358']",7494,2.0,2.0,0.0
570,3024049,550 W 45th Street #633,"['40.76190186,-73.99590302']",5375,2.0,2.0,0.0
571,3024046,301 East 21st Street #7B,"['40.73669815,-73.98130035']",5150,2.0,1.0,765.0
572,3019654,253 West 72nd Street #1410,"['40.77980042,-73.9835968']",2275,0.0,1.0,0.0
573,2993625,525 W 52nd Street #18AN,"['40.76670074,-73.99189758']",5400,2.0,2.0,870.0
574,3024042,245 West 75th Street #APT1C,"['40.78163757,-73.98218756']",2950,1.0,1.0,0.0
575,3024041,3155 Broadway #11,"['40.81471404,-73.95951282']",3369,3.0,2.0,1.0
576,3024037,181 West 4th Street #2,"['40.73252721,-74.0016706']",5900,2.0,1.0,0.0
577,3024031,346 East 49th Street #4C,"['40.75327563,-73.96726332']",2400,0.0,1.0,500.0
578,3024029,313 First Avenue #3F,"['40.734038,-73.98091573']",2500,2.0,1.0,0.0
579,3024023,346 West 36th Street #4,"['40.7540377,-73.99444156']",2100,1.0,1.0,450.0
580,3024016,159 West 118th Street #2G,"['40.80450058,-73.95110321']",4000,2.0,2.0,0.0
581,3024012,459 West Broadway #4S,"['40.72610092,-74.00019836']",22000,2.0,2.0,3.0
582,3024005,480 Main Street #8N,"['40.7594986,-73.95079803']",2650,0.0,1.0,0.0
583,3024002,809 Madison Avenue #3A,"['40.76898925,-73.96712202']",4500,1.0,1.0,0.0
584,3023997,515 East 72nd Street #5D,"['40.76689911,-73.95269775']",8250,2.0,2.0,1.0
585,3010523,450 West 17th Street #915,"['40.74349976,-74.00640106']",4890,0.0,1.0,0.0
586,3017267,230 West 113rd Street #2D,"['40.80149653,-73.95502037']",3116,3.0,1.0,1.0
587,3023994,30 Morningside Drive #204,"['40.80479813,-73.9611969']",5829,2.0,2.0,1.0
588,3023993,500 W 56th Street #601,"['40.76810074,-73.98970032']",4005,1.0,1.0,0.0
589,3023992,605 W 42nd Street #31A,"['40.76139832,-73.99890137']",6085,2.0,2.0,0.0
590,3023991,605 W 42nd Street #39U,"['40.76139832,-73.99890137']",4285,1.0,1.0,0.0
591,3023990,550 West 54th Street #1528,"['40.7677002,-73.99210358']",3845,1.0,1.0,0.0
592,3023987,120 West 21st Street #613,"['40.7419014,-73.99490356']",4503,1.0,1.0,670.0
593,3023985,20 Waterside Plaza #B640,"['40.73740005,-73.97329712']",2600,0.0,1.0,497.0
594,3023986,550 West 54th Street #953,"['40.7677002,-73.99210358']",5156,2.0,2.0,0.0
595,3023984,120 West 21st Street #307,"['40.7419014,-73.99490356']",4299,1.0,1.0,602.0
596,3023981,120 West 21st Street #1012,"['40.7419014,-73.99490356']",4329,1.0,1.0,607.0
597,3023982,550 West 54th Street #1012,"['40.7677002,-73.99210358']",3231,0.0,1.0,0.0
598,3018333,240 East 86th Street #6D,"['40.77799988,-73.95259857']",4300,1.0,1.0,0.0
599,3014110,77 West 24th Street #28D,"['40.74368984,-73.99173942']",4593,1.0,1.0,710.0
600,3023980,550 West 54th Street #814,"['40.7677002,-73.99210358']",4203,1.0,1.0,0.0
601,3023979,1 Minetta Lane #GRFL,"['40.73006792,-74.00090563']",3600,1.0,1.0,0.0
602,3023977,205 E 92nd Street #11H,"['40.7826004,-73.95030212']",7905,2.0,2.0,0.0
603,3023976,784 Columbus Avenue #4L,"['40.794303,-73.967383']",2271,0.0,1.0,500.0
604,3023971,45 West 139th Street #LA,"['40.81658425,-73.93733289']",2250,1.0,1.0,0.0
605,3023960,565 West 215th Street #21,"['40.87139507,-73.91821539']",2395,2.0,1.0,0.0
606,3023948,335 East 33rd Street #5D,"['40.74369835,-73.97479602']",2000,1.0,1.0,525.0
607,3023947,163 West 17th Street #2/D,"['40.74052816,-73.99783842']",4900,2.0,1.0,0.0
608,3023945,237 East 33rd Street #4E,"['40.74464851,-73.97706203']",2500,2.0,1.0,625.0
609,3023944,235 East 18th Street 1-GARDEN,"['40.7353367,-73.98370463']",9000,2.0,2.0,0.0
610,3023936,376 West 127th Street #2,"['40.81248558,-73.95295018']",2500,2.0,1.0,750.0
611,2999749,250 E Houston Street #PHD,"['40.7220993,-73.98490143']",6200,2.0,2.0,0.0
612,2978453,1065 Second Avenue #9F,"['40.75883419,-73.9657239']",6965,1.0,1.0,830.0
613,3023926,21 Magaw Place #6F,"['40.8515601,-73.93729632']",2148,2.0,1.0,675.0
614,3023925,302 East 96th Street #2A,"['40.78379822,-73.94670105']",6350,2.0,2.0,1.0
615,3023924,120 West 21st Street #313,"['40.7419014,-73.99490356']",4472,1.0,1.0,670.0
616,3023923,105 W 29th Street #42D,"['40.74710083,-73.99030304']",7587,2.0,2.0,957.0
617,3023919,605 W 42nd Street #31F,"['40.76139832,-73.99890137']",4430,1.0,1.0,0.0
618,3023918,605 W 42nd Street #51D,"['40.76139832,-73.99890137']",3214,0.0,1.0,0.0
619,3023917,40 Waterside Plaza #D180,"['40.73849869,-73.97290039']",4200,2.0,1.0,867.0
620,3023916,40 Waterside Plaza #D48,"['40.73849869,-73.97290039']",2995,1.0,1.0,649.0
621,3023915,120 West 21st Street #913,"['40.7419014,-73.99490356']",4900,1.0,1.0,670.0
622,3023913,120 West 21st Street #415,"['40.7419014,-73.99490356']",4562,1.0,1.0,558.0
623,3023911,252 East 2nd Street #5D,"['40.72139299,-73.98137391']",4000,2.0,1.0,0.0
624,3017724,160 Madison Avenue #12B,"['40.74699095,-73.98397606']",6323,2.0,2.0,1.0
625,3007003,66 West 38th Street #6A,"['40.7519989,-73.98570251']",5695,2.0,2.0,0.0
626,3023906,750 Columbus Avenue #4K,"['40.79339981,-73.96779633']",5697,2.0,2.0,1.0
627,3023905,400 West 37th Street #7G,"['40.75519943,-73.99549866']",2536,0.0,1.0,412.0
628,3023903,101 Warren Street #1860,"['40.71569824,-74.01229858']",15000,3.0,3.0,2.0
629,3023901,143 West 113rd Street #1,"['40.80122408,-73.95320736']",2575,2.0,1.0,750.0
630,3023892,24 Avenue C #TWO,"['40.72126386,-73.98060553']",2587,1.0,1.0,0.0
631,3023889,1883 Amsterdam Avenue #2,"['40.83030279,-73.94349908']",2150,2.0,1.0,0.0
632,3023873,610 West 163rd Street #CC,"['40.83788621,-73.94306258']",2200,2.0,1.0,0.0
633,3023870,134 First Avenue #8,"['40.72767352,-73.98501258']",3600,2.0,1.0,0.0
634,3023869,545 West 162nd Street #56,"['40.83706489,-73.94174422']",2950,4.0,1.0,0.0
635,3023868,232 East 95th Street #2C,"['40.78362826,-73.94830879']",2100,0.0,1.0,0.0
636,3023864,167 Mott Street #2D,"['40.71979904,-73.99639893']",3300,2.0,1.0,0.0
637,2976821,55 West 25th Street #PHC,"['40.74430084,-73.99120331']",8300,2.0,2.0,0.0
638,3015586,24 Fifth Avenue #1409,"['40.73320007,-73.99629974']",4695,1.0,1.0,0.0
639,3023803,127 East 30th Street #14B,"['40.74430084,-73.98190308']",5350,3.0,2.0,1.0
640,3023801,162 West 80th Street #1A,"['40.78340149,-73.97750092']",2925,1.0,1.0,0.0
641,3023799,255 West 75th Street #2G,"['40.78172543,-73.98240419']",2750,1.0,1.0,0.0
642,3023796,42 West 73rd Street #3F,"['40.77766793,-73.9778775']",2740,1.0,1.0,0.0
643,3023790,307 East 105th Street #5S,"['40.78988884,-73.94219719']",3300,3.0,1.0,850.0
644,3023789,331 West 76th Street #2A,"['40.78313917,-73.98375792']",2800,1.0,1.0,0.0
645,3023777,136 East 28th Street #55RW,"['40.74225873,-73.98212591']",2095,1.0,1.0,0.0
646,3023773,308 East 78th Street #A21,"['40.77219652,-73.95506544']",2995,2.0,1.0,0.0
647,3023769,209 East 81st Street #4FS,"['40.77557004,-73.95567695']",1895,0.0,1.0,0.0
648,3023768,247 West 87th Street #6F,"['40.7891157,-73.97533857']",4325,1.0,1.0,781.0
649,3023763,86 Horatio Street #4,"['40.73857367,-74.00754546']",2100,0.0,1.0,0.0
650,2993791,70 West 93rd Street #7019A,"['40.79050064,-73.96880341']",3733,1.0,1.0,0.0
651,3003133,535 West 23rd Street #SPH2R,"['40.74850082,-74.00530243']",4890,1.0,1.0,0.0
652,3023748,202 West 98th Street #2A,"['40.79539871,-73.9701004']",1895,0.0,1.0,0.0
653,3023745,540 West 50th Street #5B,"['40.76525818,-73.99374389']",2425,0.0,1.0,0.0
654,3023734,226 East 75th Street #5A,"['40.7710147,-73.95815304']",2695,1.0,1.0,0.0
655,3023730,341 West 11th Street #PHH,"['40.7357136,-74.00806113']",7500,1.0,2.0,0.0
656,3023728,515 East 72nd Street #29B,"['40.76689911,-73.95269775']",6995,2.0,2.0,1.0
657,3023704,1510 Lexington Avenue #4P,"['40.78703272,-73.95055591']",2765,0.0,1.0,0.0
658,3023698,9 West 31st Street #11E,"['40.74708736,-73.98667557']",5533,2.0,2.0,1.0
659,3023696,8 West 71st Street #3B,"['40.775612,-73.97723911']",3000,0.0,1.0,0.0
660,3023688,248 West 21st Street #5B,"['40.74343486,-73.99861783']",4800,2.0,2.0,1.0
661,3023687,10 E 29th Street #29B,"['40.74459839,-73.98619843']",7380,2.0,2.0,0.0
662,3023684,10 W 65th Street #1A,"['40.77199936,-73.9803009']",3499,0.0,0.0,616.0
663,3018098,10-40 River Road #4021C,"['40.76480103,-73.94709778']",5500,3.0,2.0,1.0
664,2986293,140 Riverside Boulevard #521,"['40.77700043,-73.98860168']",2783,0.0,1.0,515.0
665,3023676,600 West 141st Street #65,"['40.8238514,-73.95280484']",1790,1.0,1.0,0.0
666,3023667,1 Dutch Street #9E,"['40.70930099,-74.00779724']",4895,1.0,1.0,933.0
667,3023666,618 West 164th Street #2,"['40.83860016,-73.94270325']",2475,2.0,1.0,0.0
668,3023664,329 Third Avenue #40,"['40.73968964,-73.98211939']",3400,2.0,1.0,0.0
669,3018096,625 West 57th Street #1057,"['40.77109909,-73.99269867']",4300,1.0,1.0,0.0
670,3016315,625 West 57th Street #470,"['40.77109909,-73.99269867']",2995,0.0,1.0,0.0
671,3021556,308 West 30th Street #5G,"['40.74980164,-73.99620056']",3500,2.0,1.0,0.0
672,3023624,95 Wall Street #621,"['40.70460129,-74.00749969']",3542,0.0,1.0,557.0
673,3023623,314 West 39th Street #2W,"['40.75549228,-73.99215304']",3800,2.0,1.0,0.0
674,3023622,67 Wall Street #2F,"['40.70550156,-74.00839996']",2507,0.0,1.0,421.0
675,3023617,426 E 9th Street #5D,"['40.72745377,-73.98371016']",2950,1.0,1.0,0.0
676,3023610,785 West End Avenue #9A,"['40.79684969,-73.97241023']",4050,2.0,1.0,1.0
677,3023601,55 Payson Avenue #5B,"['40.86708134,-73.92783796']",2100,1.0,1.0,0.0
678,3023598,225 East 39th Street #30H,"['40.74869919,-73.97450256']",4735,1.0,1.0,684.0
679,3023597,225 East 39th Street #19J,"['40.74869919,-73.97450256']",3397,0.0,1.0,400.0
680,3023596,225 East 39th Street #16K,"['40.74869919,-73.97450256']",3253,0.0,1.0,401.0
681,3023595,225 East 39th Street #10B,"['40.74869919,-73.97450256']",3588,0.0,1.0,524.0
682,3023585,20 Seaman Avenue #2A,"['40.86686436,-73.92760319']",1895,0.0,1.0,0.0
683,3009022,400 West 61st Street #733,"['40.77316836,-73.99127363']",8188,2.0,2.0,1.0
684,3015834,160 Madison Avenue #26F,"['40.74699095,-73.98397606']",5400,1.0,1.0,0.0
685,3023582,136 West 111st Street #2RW,"['40.79933045,-73.95379381']",3000,3.0,1.0,1.0
686,3023579,510 East Fifth Street #B,"['40.72441535,-73.98389129']",1975,0.0,1.0,0.0
687,3023578,265 East 66th Street #25G,"['40.76580048,-73.96160126']",5000,1.0,1.0,985.0
688,3023569,400 West 12th Street #16A,"['40.73730087,-74.00939941']",19000,2.0,2.0,1.0
689,3023567,523 West 135th Street #B2,"['40.81984175,-73.95373622']",2375,2.0,1.0,0.0
690,3023565,256 Seaman Avenue #3D,"['40.87218277,-73.91817103']",2110,1.0,1.0,0.0
691,3023564,1 Columbus Place #N7N,"['40.76919937,-73.98529816']",3162,0.0,1.0,0.0
692,3023560,612 West 137th Street #65,"['40.82160169,-73.95520911']",1750,1.0,1.0,0.0
693,3023541,520 East 84th Street #4M,"['40.77389908,-73.9469986']",2050,0.0,1.0,410.0
694,3023540,405 West 54th Street #4A,"['40.76639938,-73.98760223']",1938,0.0,1.0,0.0
695,3023532,136 West 111st Street #3RW,"['40.79933045,-73.95379381']",3200,3.0,1.0,1.0
696,3016382,50 West Street #24B,"['40.70776029,-74.01499377']",16500,3.0,3.0,2.0
697,3021888,199 Bleecker Street #4,"['40.72954367,-74.00145765']",4495,2.0,1.0,0.0
698,3023527,335 East 22nd Street #5A,"['40.73666725,-73.97957625']",1900,0.0,1.0,0.0
699,3023524,24 Avenue C #5,"['40.72126386,-73.98060553']",2683,1.0,1.0,0.0
700,3023515,405 Edgecombe Avenue #C6,"['40.82899857,-73.94029999']",2175,3.0,1.0,0.0
701,3023512,194 East 2nd Street #2K,"['40.72230148,-73.98370361']",4800,2.0,1.0,0.0
702,3023504,335 East 54th Street #5F,"['40.75697493,-73.96515353']",2800,1.0,1.0,0.0
703,3023496,545 West 20th Street #PHA,"['40.74689301,-74.00753918']",20000,3.0,3.0,2.0
704,3023493,800 Fifth Avenue #11A,"['40.76549911,-73.9713974']",6100,1.0,1.0,0.0
705,3023488,306 West 78th Street #4A,"['40.78369614,-73.98234228']",2650,1.0,1.0,0.0
706,3023487,235 West 22nd Street #6X,"['40.74416494,-73.99729337']",2950,0.0,1.0,0.0
707,3023050,101 W 25th Street #2,"['40.74437879,-73.9920533']",5500,3.0,2.0,1.0
708,3023486,35 West 20th Street #3,"['40.74072833,-73.99289456']",9000,2.0,2.0,1.0
709,3024098,242 West 53rd Street #46E,"['40.7635994,-73.98400116']",7695,2.0,1.0,1.0
710,2976796,101 W End Avenue #29A,"['40.77510071,-73.98840332']",7240,3.0,2.0,1.0
711,3023485,211 East 48th Street #1,"['40.75446507,-73.97084687']",6400,0.0,0.0,1.0
712,3023483,428 West 44th Street #2F,"['40.76009803,-73.99315239']",2695,0.0,1.0,0.0
713,3023478,12 West 104th Street #2RS,"['40.79688788,-73.96193267']",3295,2.0,1.0,0.0
714,3023477,592 Third Avenue #5RN,"['40.74880116,-73.97628825']",2700,2.0,1.0,0.0
715,3023473,172 Waverly Place #1C,"['40.73399841,-74.00137115']",3600,1.0,1.0,0.0
716,3023471,251 West 117th Street #3G,"['40.8046898,-73.9556053']",4431,2.0,2.0,0.0
717,3023470,409 East 87th Street #1,"['40.77745249,-73.94805723']",1950,0.0,1.0,0.0
718,3023469,251 West 117th Street #7E,"['40.8046898,-73.9556053']",3425,1.0,1.0,0.0
719,3023466,251 West 117th Street #2C,"['40.8046898,-73.9556053']",2631,0.0,1.0,0.0
720,3023465,1 West End Avenue #18D,"['40.77199936,-73.99060059']",13000,3.0,3.0,2.0
721,3023463,263 Bowery #4,"['40.72334028,-73.99248874']",8000,2.0,2.0,1.0
722,3003882,222 East 44th Street #16D,"['40.75130081,-73.97290039']",3925,0.0,1.0,0.0
723,3017762,435 West 31st Street #38G,"['40.75230026,-73.99839783']",4725,1.0,1.0,659.0
724,3012123,240 East 27th Street #21E,"['40.74020004,-73.979599']",3558,1.0,1.0,574.0
725,3023442,201 East 35th Street #9ABC,"['40.74640792,-73.97716969']",8100,5.0,3.0,2.0
726,3023441,240 West 73rd Street #506,"['40.77970123,-73.98269653']",3499,1.0,1.0,0.0
727,3023440,116 John Street #2902,"['40.70750046,-74.00589752']",3254,1.0,1.0,0.0
728,3023439,225 Fifth Avenue #5F,"['40.74359894,-73.98760223']",8700,2.0,2.0,1.0
729,3023436,347 East 62nd Street GARDEN-APT,"['40.76201304,-73.96126674']",3500,1.0,1.0,0.0
730,3023434,825 West 187th Street #2F,"['40.85594659,-73.93814892']",2350,1.0,1.0,750.0
731,3023433,3111 Broadway #2/F,"['40.81299973,-73.96080017']",2195,0.0,1.0,0.0
732,3023431,3111 Broadway #3E/E,"['40.81299973,-73.96080017']",2131,0.0,1.0,0.0
733,3023429,116 John Street #1913,"['40.70750046,-74.00589752']",2475,0.0,1.0,0.0
734,3023428,322 East 39th Street #2B,"['40.74727977,-73.97266174']",2325,0.0,1.0,0.0
735,3023427,229 West 101st Street #3E/E,"['40.7981987,-73.96970367']",3079,2.0,1.0,0.0
736,2950423,252 South Street #63E,"['40.71020126,-73.98930359']",8833,3.0,2.0,1.0
737,2962967,227 Lexington Avenue #302,"['40.7459363,-73.97974664']",3654,1.0,1.0,0.0
738,3012105,30 Morningside Drive #414,"['40.80479813,-73.9611969']",5320,2.0,1.0,0.0
739,3023394,21 West End Avenue #4210,"['40.772765,-73.990313']",6720,2.0,2.0,0.0
740,3023378,554 West 54th Street #23B,"['40.76789856,-73.99150085']",6137,2.0,2.0,0.0
741,3023375,360 West 119th Street #4B,"['40.80707429,-73.95627367']",2800,2.0,1.0,0.0
742,3023372,605 West 112nd Street #2G,"['40.80592763,-73.96631631']",2825,1.0,1.0,0.0
743,3023371,9 West 31st Street #23G,"['40.74708736,-73.98667557']",3964,2.0,1.0,0.0
744,3023369,65 West 68th Street #9,"['40.77478633,-73.97992561']",2875,1.0,1.0,0.0
745,3023368,235 East 13th Street #1K,"['40.73224918,-73.98624916']",3750,2.0,1.0,0.0
746,3023364,235 East 13th Street #3B,"['40.73224918,-73.98624916']",3300,1.0,1.0,0.0
747,3023355,530 East 88th Street #APT3F,"['40.77643822,-73.94489153']",4200,2.0,1.0,0.0
748,3023351,150 West 76th Street #3C,"['40.78048967,-73.97867455']",2600,1.0,1.0,650.0
749,2955903,21 West End Avenue #1522,"['40.772765,-73.990313']",5563,2.0,2.0,0.0
750,3022546,211 West 56th Street #9C,"['40.76549911,-73.98149872']",3475,1.0,1.0,0.0
751,2993348,37 West 21st Street #1207,"['40.74129868,-73.99230194']",5790,1.0,1.0,775.0
752,3023234,1771 First Avenue #11,"['40.78057007,-73.9470871']",2300,2.0,1.0,0.0
753,3023228,530 East 76th Street #17C,"['40.76819992,-73.95010376']",5100,2.0,1.0,953.0
754,3023221,138 East 50th Street #27A,"['40.75600052,-73.97190094']",7300,1.0,1.0,1.0
755,3023219,171 Suffolk Street #11D,"['40.7214896,-73.98512941']",3050,0.0,1.0,0.0
756,3023217,105 W 29th Street #46G,"['40.74710083,-73.99030304']",8520,2.0,2.0,1.0
757,3023214,131 East 23rd Street #10E,"['40.73981903,-73.98476807']",2600,0.0,1.0,0.0
758,3023213,200 Water Street #2403,"['40.70729828,-74.00479889']",5169,2.0,2.0,891.0
759,3023212,200 Water Street #2102,"['40.70729828,-74.00479889']",3600,1.0,1.0,649.0
760,3023211,200 Water Street #229,"['40.70729828,-74.00479889']",3558,1.0,1.0,580.0
761,3023210,525 W 52nd Street #14AN,"['40.76670074,-73.99189758']",3643,0.0,1.0,0.0
762,3023209,50 Murray Street #1610,"['40.71360016,-74.0094986']",5800,3.0,1.0,900.0
763,3020325,453 West 43rd Street #3B,"['40.76014199,-73.99401871']",2350,0.0,1.0,400.0
764,3010818,571 West 139th Street #2,"['40.82260132,-73.95269775']",3700,3.0,1.0,0.0
765,2976424,420 East 54th Street #2304,"['40.75579834,-73.96350098']",3680,1.0,1.0,0.0
766,3023036,225 West 12th Street #2F,"['40.73782185,-74.00145423']",3595,1.0,1.0,650.0
767,3023035,821 Ninth Avenue #2C,"['40.7663226,-73.98722767']",2400,0.0,1.0,0.0
768,3023033,234 West 123rd Street #1,"['40.80807392,-73.95082926']",2250,1.0,1.0,0.0
769,3023008,449 West 22nd Street #3,"['40.74667363,-74.00321921']",5795,3.0,2.0,0.0
770,3023005,659 West 162nd Street #9,"['40.83830969,-73.94469211']",2750,2.0,1.0,0.0
771,3023003,40 Central Park South #16A,"['40.76499939,-73.97570038']",14000,2.0,2.0,1.0
772,3022994,2273 Adam Clayton Powell Boulevard #2D,"['40.81429309,-73.94398954']",2599,2.0,1.0,0.0
773,3022990,21 West End Avenue #1618,"['40.772765,-73.990313']",4000,1.0,1.0,0.0
774,3022989,21 West End Avenue #1310,"['40.772765,-73.990313']",4720,2.0,1.0,0.0
775,3022977,109 East 88th Street #4B,"['40.78136407,-73.95539506']",2700,1.0,1.0,0.0
776,3022969,18 Avenue A #5A,"['40.72269187,-73.98564504']",4400,3.0,1.0,0.0
777,3020686,635 West 42nd Street #33J,"['40.76200104,-73.99980164']",5500,3.0,2.0,0.0
778,2993843,229 Chrystie Street #738,"['40.7234993,-73.99160004']",5031,1.0,1.0,0.0
779,3022965,808 Columbus Avenue #11N,"['40.79529953,-73.96620178']",2962,0.0,1.0,412.0
780,3022955,505 W. 54th Street #722,"['40.76750183,-73.99019623']",3606,1.0,1.0,674.0
781,3022954,105 W 29th Street #29A,"['40.74710083,-73.99030304']",3795,0.0,1.0,490.0
782,3022949,375 Pleasant Avenue #2A,"['40.79757109,-73.93170203']",1799,1.0,1.0,0.0
783,3022946,10 West 65th Street #4K,"['40.77199936,-73.9803009']",5223,2.0,1.0,955.0
784,3022939,20 Sickles Street #E6,"['40.86123533,-73.92815883']",1950,1.0,1.0,650.0
785,3022938,561 Lenox Avenue #33B,"['40.8166321,-73.93955831']",2750,2.0,1.0,0.0
786,3022936,665 Lenox Avenue #17,"['40.81942512,-73.93748196']",2199,2.0,1.0,0.0
787,3022933,530 West 157th Street #4A,"['40.83334131,-73.94374946']",4100,4.0,2.0,1.0
788,3022932,7 West 108th Street #D3,"['40.79983219,-73.95964829']",3900,4.0,1.0,0.0
789,3022931,54 West 14th Street #4,"['40.73680349,-73.99626887']",5600,3.0,1.0,1.0
790,3017559,222 East 34th Street #1615,"['40.74499893,-73.97730255']",4500,1.0,1.0,0.0
791,3023630,408 West 49th Street #3,"['40.76296331,-73.99006566']",4500,3.0,1.0,900.0
792,3022929,7 West 108th Street #A1,"['40.79983219,-73.95964829']",4250,4.0,2.0,0.0
793,3022925,765 Washington Street #3E,"['40.73739614,-74.0079603']",2100,0.0,1.0,0.0
794,3022919,40 Harrison Street #4014F,"['40.7181015,-74.01119995']",4895,1.0,1.0,0.0
795,3022917,15 Cliff Street #21D,"['40.70830154,-74.00550079']",5264,2.0,2.0,0.0
796,3022911,76 E 1st Street #1AD,"['40.72330093,-73.98819733']",2599,1.0,1.0,0.0
797,3022912,126 East 7th Street #3BQ,"['40.72610092,-73.98419952']",2099,0.0,1.0,0.0
798,3022910,210 Rivington Street #2N,"['40.71849823,-73.98269653']",3799,3.0,1.0,0.0
799,3022909,15 Stanton Street #3BB,"['40.72240067,-73.99230194']",2899,0.0,1.0,700.0
800,3022908,19 Stanton #51,"['40.72240067,-73.99210358']",3449,2.0,1.0,0.0
801,3022896,65 East 2nd Street #1,"['40.72430618,-73.98930297']",8307,3.0,3.0,2.0
802,3022895,123 Washington Street #42B,"['40.70909882,-74.01370239']",5995,2.0,2.0,1.0
803,3009253,408 East 92nd Street #6E,"['40.78039932,-73.9464035']",3603,1.0,1.0,0.0
804,3018094,450 West 24th Street #12E,"['40.74739838,-74.00250244']",4575,1.0,1.0,0.0
805,2999023,572 11th Avenue #8F,"['40.76160049,-73.99739838']",6514,2.0,2.0,0.0
806,3015835,160 Madison Avenue #33A,"['40.74699095,-73.98397606']",4553,1.0,1.0,0.0
807,3009854,21 West Street #19F,"['40.70640182,-74.01550293']",2975,0.0,1.0,0.0
808,3022724,203 Chrystie Street #2CB,"['40.72230148,-73.99199677']",2099,0.0,1.0,0.0
809,3022722,9 Stanton Street #3AE,"['40.72249985,-73.99250031']",2899,1.0,1.0,0.0
810,3022721,9 Stanton Street #4BN,"['40.72249985,-73.99250031']",2799,1.0,1.0,0.0
811,3022719,142 East 27th Street #5B/B,"['40.74160004,-73.98239899']",2350,0.0,1.0,0.0
812,3022713,61 West 10th Street #5B,"['40.73469925,-73.9980011']",3350,1.0,1.0,0.0
813,3022711,49 Ludlow Street APT-10B,"['40.71656332,-73.9904261']",5895,3.0,1.0,0.0
814,3022706,5 Tudor City Place #2132,"['40.7478981,-73.97090149']",2650,1.0,1.0,0.0
815,3022701,58 East 1st Street #6F2,"['40.72391916,-73.98915511']",2200,0.0,1.0,0.0
816,3022700,424 West 46th Street #4C,"['40.76134134,-73.99221372']",2300,0.0,1.0,0.0
817,3022697,68 Seventh Avenue #3R,"['40.73906248,-73.99971492']",2500,1.0,1.0,0.0
818,3022690,525 East 13th Street #4G,"['40.72941835,-73.97954239']",4500,3.0,1.0,0.0
819,3020891,242 West 53rd Street #25D,"['40.7635994,-73.98400116']",4450,1.0,1.0,619.0
820,3007102,70 Battery Place #715,"['40.70722719,-74.01757146']",3875,1.0,1.0,761.0
821,3015795,160 Madison Avenue #26C,"['40.74699095,-73.98397606']",5492,1.0,1.0,0.0
822,3022660,30 Park Avenue #4E,"['40.74829865,-73.98100281']",4300,1.0,1.0,0.0
823,3022659,210 Lafayette Street #3B,"['40.72169876,-73.99810028']",6000,1.0,1.0,765.0
824,3022649,331 West End Avenue #1A,"['40.7822388,-73.98310818']",3170,2.0,1.0,0.0
825,3022647,1735 York Avenue #24G,"['40.77884842,-73.94557197']",5446,2.0,1.0,0.0
826,3022643,1735 York Avenue #20B,"['40.77884842,-73.94557197']",5555,2.0,2.0,0.0
827,3022642,509 Third Avenue #4,"['40.74583161,-73.97764266']",2100,1.0,1.0,0.0
828,3022641,222 East 53rd Street #2A,"['40.75712688,-73.9685753']",3200,2.0,1.0,0.0
829,3022635,1735 York Avenue #9A,"['40.77884842,-73.94557197']",3831,1.0,1.0,0.0
830,3022629,37A Bedford Street #30,"['40.72963967,-74.00405546']",3925,2.0,1.0,0.0
831,3022628,415 West 120th Street #4C,"['40.80918293,-73.95813265']",5350,2.0,1.0,0.0
832,3022627,324 East Sixth Street #7,"['40.72670492,-73.98745895']",2200,0.0,1.0,0.0
833,2982925,104 East 31st Street #3A,"['40.74480057,-73.98239899']",2390,0.0,1.0,0.0
834,2640664,101 West 15th Street #207,"['40.73849869,-73.99649811']",3390,0.0,1.0,490.0
835,3022621,10 Convent Avenue #2,"['40.81311153,-73.95332545']",2175,2.0,1.0,0.0
836,3022620,7 West 21st Street #703,"['40.74089813,-73.9910965']",5995,1.0,1.0,0.0
837,3022616,247 Wadsworth Avenue #4H,"['40.85245215,-73.93248067']",2050,2.0,1.0,0.0
838,3022612,415 West 120th Street #4B,"['40.80918293,-73.95813265']",7500,3.0,2.0,0.0
839,3022609,230 West 55th Street #32G,"['40.76468614,-73.98269388']",3295,1.0,1.0,0.0
840,3022607,565 West 188th Street #51,"['40.85360056,-73.92975035']",2000,2.0,1.0,0.0
841,3022603,40 Harrison Street #4020H,"['40.7181015,-74.01119995']",5995,2.0,2.0,0.0
842,3022602,235 East 51st Street #3B,"['40.7560455,-73.96877072']",2995,1.0,1.0,0.0
843,3022601,60 W 66th Street #34I,"['40.77320099,-73.98139954']",3500,1.0,1.0,0.0
844,3022599,333 East 46th Street #9D,"['40.7519989,-73.96900177']",2600,0.0,1.0,0.0
845,3022598,51 Irving Place #6A,"['40.73615237,-73.98753656']",3250,0.0,1.0,0.0
846,3004685,150 E 44th Street #34F,"['40.7521019,-73.97419739']",3530,0.0,1.0,0.0
847,3021069,751 E 6th Street #10A,"['40.72270989,-73.97718736']",3092,0.0,1.0,575.0
848,2980458,150 West 51st Street #1008,"['40.76129913,-73.98269653']",3500,1.0,1.0,700.0
849,3022562,97 East 7th Street #24,"['40.7269297,-73.98505243']",2995,2.0,1.0,600.0
850,3022556,302 Mott Street #37,"['40.72488017,-73.9938487']",2595,0.0,1.0,0.0
851,3010040,169 Allen Street #1B,"['40.7214352,-73.98967141']",2695,1.0,1.0,440.0
852,3021618,11 East 92nd Street #1,"['40.78517974,-73.95665999']",12995,2.0,2.0,1.0
853,3022555,675 West 59th Street #1210,"['40.772063,-73.991767']",11583,3.0,2.0,1.0
854,3022548,330 West 58th Street #9N,"['40.76750183,-73.98370361']",3900,1.0,1.0,0.0
855,3017161,21 West End Avenue #2217,"['40.772765,-73.990313']",2908,0.0,1.0,0.0
856,3021582,55 West 25th Street #10C,"['40.74430084,-73.99120331']",5250,1.0,1.0,0.0
857,2956615,325 North End Avenue #16L,"['40.71695249,-74.01501026']",3990,0.0,1.0,605.0
858,3007105,53 Park Place #3G,"['40.7140007,-74.0102005']",4400,1.0,1.0,622.0
859,3022492,777 6th Avenue #28F,"['40.74509811,-73.99160004']",4306,1.0,1.0,620.0
860,3022490,37 Wall Street #8L,"['40.70629883,-74.0102005']",2845,0.0,1.0,0.0
861,3022487,601 West 57th Street #25N,"['40.77080154,-73.9917984']",3950,1.0,1.0,0.0
862,3022485,300 E. 39th Street #8H,"['40.74739838,-73.97299957']",6726,2.0,2.0,1.0
863,3022484,240 East 27th Street #14D,"['40.74020004,-73.979599']",3653,1.0,1.0,706.0
864,3022482,305 West 50th Street #17N,"['40.76259995,-73.98619843']",3327,0.0,1.0,602.0
865,3022480,75 West End Avenue #C24B,"['40.77429962,-73.98930359']",3225,1.0,1.0,0.0
866,3022479,170 West 89th Street #APT3C,"['40.78912342,-73.97303457']",4650,2.0,2.0,0.0
867,3022477,77 West 24th Street #PHD,"['40.74368984,-73.99173942']",5949,1.0,1.0,708.0
868,3022473,330 East 90th Street #1C,"['40.77956335,-73.94840222']",1799,0.0,1.0,0.0
869,3007218,423 East 12th Street #2RE,"['40.72973719,-73.9822772']",2595,0.0,1.0,300.0
870,3003867,229 Chrystie Street #713,"['40.7234993,-73.99160004']",7476,2.0,2.0,0.0
871,3022270,70 East 12th Street #5D,"['40.73270035,-73.99040222']",5775,2.0,2.0,0.0
872,3022267,43 Essex Street #1,"['40.71636837,-73.98965055']",7500,3.0,3.0,0.0
873,3022261,138 Bowery #7B,"['40.71920013,-73.99490356']",2600,0.0,1.0,0.0
874,3022257,110 Madison Street #19,"['40.71202927,-73.99506548']",2800,2.0,1.0,0.0
875,3022255,272 Lenox Avenue #PH,"['40.80669108,-73.94582012']",5500,3.0,2.0,0.0
876,3022253,163 West 71st Street #3F,"['40.7777838,-73.9812101']",2850,0.0,1.0,0.0
877,3022251,112 Stanton Street #4,"['40.72126204,-73.98726156']",7000,4.0,2.0,1.0
878,3022250,42 Avenue A #2E,"['40.72368263,-73.98489081']",3550,2.0,1.0,0.0
879,3022247,230 West 112nd Street #A,"['40.80098905,-73.955772']",9500,4.0,3.0,3.0
880,3022238,420 East 61st Street #39E,"['40.75989914,-73.9598999']",7995,2.0,2.0,1.0
881,3022239,1113 York Avenue #11B,"['40.75970078,-73.95939636']",8000,2.0,2.0,1.0
882,3020143,212 West 91st Street #1219,"['40.79109955,-73.97380066']",2591,0.0,1.0,400.0
